sigungu,sigungu_code,dong,dong_code,boundary_wkt,admin_dong_code,gu_code
강동구,11250,길동,1125074,"POLYGON ((127.1506841825971 37.54297943719738, 127.15666236342832 37.539490196374366, 127.16251899968245 37.538797310633534, 127.14516817132433 37.53146260022831, 127.14068690059868 37.53118632106941, 127.13640539515914 37.53247023366308, 127.13892320331327 37.53762754601835, 127.14380192958487 37.53947695668667, 127.14484779315524 37.542271071578554, 127.1506841825971 37.54297943719738))",1174068500,11740
강동구,11250,천호2동,1125073,"POLYGON ((127.1296594431204 37.547320969604925, 127.1366922994031 37.54432073003471, 127.13325961176139 37.53959212853102, 127.12853684547063 37.53485917087813, 127.12532464331997 37.53572787912298, 127.1116764203608 37.540669955324965, 127.11455679868533 37.54670798531544, 127.1296594431204 37.547320969604925))",1174061000,11740
강동구,11250,암사1동,1125072,"POLYGON ((127.14658708035984 37.55197150430446, 127.14331358996458 37.54807088878857, 127.1366922994031 37.54432073003471, 127.1296594431204 37.547320969604925, 127.13130719416033 37.551959543662896, 127.14658708035984 37.55197150430446))",1174057000,11740
강동구,11250,둔촌2동,1125071,"POLYGON ((127.16251899968245 37.538797310633534, 127.15566835118616 37.53119520531309, 127.15538075046105 37.52652930087977, 127.14791518058246 37.51918714979303, 127.1468440337671 37.52373309428148, 127.1387472669133 37.526024153064206, 127.14068690059868 37.53118632106941, 127.14516817132433 37.53146260022831, 127.16251899968245 37.538797310633534))",1174070000,11740
강동구,11250,둔촌1동,1125070,"POLYGON ((127.1387472669133 37.526024153064206, 127.1468440337671 37.52373309428148, 127.14791518058246 37.51918714979303, 127.14672806823502 37.51415680680291, 127.1360224375423 37.51873736912533, 127.1387472669133 37.526024153064206))",1174069000,11740
강동구,11250,성내3동,1125067,"POLYGON ((127.13640539515914 37.53247023366308, 127.14068690059868 37.53118632106941, 127.1387472669133 37.526024153064206, 127.1360224375423 37.51873736912533, 127.13085529491111 37.52098850616528, 127.13393659853675 37.52733984141569, 127.13640539515914 37.53247023366308))",1174066000,11740
강동구,11250,성내2동,1125066,"POLYGON ((127.12532464331997 37.53572787912298, 127.12853684547063 37.53485917087813, 127.13640539515914 37.53247023366308, 127.13393659853675 37.52733984141569, 127.12337386349152 37.53030612633618, 127.12532464331997 37.53572787912298))",1174065000,11740
강동구,11250,성내1동,1125065,"POLYGON ((127.12337386349152 37.53030612633618, 127.13393659853675 37.52733984141569, 127.13085529491111 37.52098850616528, 127.12127423206992 37.5252637914794, 127.12337386349152 37.53030612633618))",1174064000,11740
강동구,11250,천호3동,1125063,"POLYGON ((127.14380192958487 37.53947695668667, 127.13892320331327 37.53762754601835, 127.13640539515914 37.53247023366308, 127.12853684547063 37.53485917087813, 127.13325961176139 37.53959212853102, 127.14380192958487 37.53947695668667))",1174062000,11740
강동구,11250,천호1동,1125061,"POLYGON ((127.1366922994031 37.54432073003471, 127.14331358996458 37.54807088878857, 127.14484779315524 37.542271071578554, 127.14380192958487 37.53947695668667, 127.13325961176139 37.53959212853102, 127.1366922994031 37.54432073003471))",1174060000,11740
강동구,11250,암사3동,1125059,"POLYGON ((127.13593925898998 37.56564793048277, 127.14344659555326 37.567479711307435, 127.14896078681674 37.55898754555561, 127.14658708035984 37.55197150430446, 127.13130719416033 37.551959543662896, 127.13593925898998 37.56564793048277))",1174059000,11740
강동구,11250,암사2동,1125058,"POLYGON ((127.11519584981606 37.557533180704915, 127.11879551821994 37.557222485451305, 127.12435254630417 37.56144246249796, 127.13593925898998 37.56564793048277, 127.13130719416033 37.551959543662896, 127.1296594431204 37.547320969604925, 127.11455679868533 37.54670798531544, 127.11600200349189 37.55053147511706, 127.11519584981606 37.557533180704915))",1174058000,11740
강동구,11250,고덕2동,1125056,"POLYGON ((127.15511020940411 37.57093642128295, 127.16368738589286 37.57500783523479, 127.16953771051587 37.5682004295911, 127.16714552844869 37.5662689699899, 127.17261067213987 37.55960104435172, 127.17360474181851 37.55452533235053, 127.1586954058685 37.552576494711964, 127.15805164315246 37.56518137672108, 127.15511020940411 37.57093642128295))",1174056000,11740
강동구,11250,고덕1동,1125055,"POLYGON ((127.14344659555326 37.567479711307435, 127.15511020940411 37.57093642128295, 127.15805164315246 37.56518137672108, 127.1586954058685 37.552576494711964, 127.15232735266896 37.55189398108047, 127.14658708035984 37.55197150430446, 127.14896078681674 37.55898754555561, 127.14344659555326 37.567479711307435))",1174055000,11740
강동구,11250,명일2동,1125054,"POLYGON ((127.15232735266896 37.55189398108047, 127.1586954058685 37.552576494711964, 127.15805587357812 37.54342362601974, 127.16530984307447 37.54221851258693, 127.16251899968245 37.538797310633534, 127.15666236342832 37.539490196374366, 127.1506841825971 37.54297943719738, 127.15232735266896 37.55189398108047))",1174054000,11740
강동구,11250,명일1동,1125053,"POLYGON ((127.14658708035984 37.55197150430446, 127.15232735266896 37.55189398108047, 127.1506841825971 37.54297943719738, 127.14484779315524 37.542271071578554, 127.14331358996458 37.54807088878857, 127.14658708035984 37.55197150430446))",1174053000,11740
강동구,11250,상일동,1125052,"POLYGON ((127.1586954058685 37.552576494711964, 127.17360474181851 37.55452533235053, 127.17624513780328 37.5426107112352, 127.16530984307447 37.54221851258693, 127.15805587357812 37.54342362601974, 127.1586954058685 37.552576494711964))",,11740
강동구,11250,강일동,1125051,"POLYGON ((127.16368738589286 37.57500783523479, 127.16683184366129 37.57672487388627, 127.17607118428914 37.57678573961056, 127.18122821955262 37.56636089217979, 127.18408792330152 37.55814280369575, 127.18350810324185 37.550053002101485, 127.18543378919821 37.54260756512178, 127.17624513780328 37.5426107112352, 127.17360474181851 37.55452533235053, 127.17261067213987 37.55960104435172, 127.16714552844869 37.5662689699899, 127.16953771051587 37.5682004295911, 127.16368738589286 37.57500783523479))",1174051500,11740
송파구,11240,잠실3동,1124080,"POLYGON ((127.09254802952158 37.5232002325931, 127.1061376015552 37.505945179369164, 127.09942438049303 37.50373442814207, 127.09283256914149 37.50472802678396, 127.0876084980615 37.508822888537686, 127.09466042209445 37.50910991504306, 127.09062956245532 37.52268889181966, 127.09254802952158 37.5232002325931))",1171068000,11710
송파구,11240,잠실2동,1124079,"POLYGON ((127.07468544977327 37.520974900073, 127.07968915919895 37.52077294752823, 127.09062956245532 37.52268889181966, 127.09466042209445 37.50910991504306, 127.0876084980615 37.508822888537686, 127.0804346935926 37.50906688906049, 127.07091156739416 37.50719902959034, 127.07057106587357 37.50748081931759, 127.0690698130372 37.522279423505026, 127.07468544977327 37.520974900073))",1171067000,11710
송파구,11240,잠실7동,1124078,"POLYGON ((127.07091156739416 37.50719902959034, 127.0804346935926 37.50906688906049, 127.08158308962736 37.50392703604026, 127.07528960655267 37.49932614743975, 127.0719146000724 37.50224013587669, 127.07091156739416 37.50719902959034))",1171072000,11710
송파구,11240,잠실6동,1124077,"POLYGON ((127.10022841918634 37.52475699541064, 127.1051261896709 37.51920462294671, 127.10876057377162 37.51270927934955, 127.11020223658842 37.50917144065826, 127.1061376015552 37.505945179369164, 127.09254802952158 37.5232002325931, 127.0943611414465 37.523984206117525, 127.10022841918634 37.52475699541064))",1171071000,11710
송파구,11240,잠실4동,1124075,"POLYGON ((127.101068120931 37.525151938900564, 127.10692849040475 37.52108916220014, 127.1185171541772 37.52116117426451, 127.11466412513991 37.51471216716515, 127.10876057377162 37.51270927934955, 127.1051261896709 37.51920462294671, 127.10022841918634 37.52475699541064, 127.101068120931 37.525151938900564))",1171069000,11710
송파구,11240,잠실본동,1124071,"POLYGON ((127.0876084980615 37.508822888537686, 127.09283256914149 37.50472802678396, 127.08573831212134 37.49645940739078, 127.07759949729024 37.49839572885325, 127.07528960655267 37.49932614743975, 127.08158308962736 37.50392703604026, 127.0804346935926 37.50906688906049, 127.0876084980615 37.508822888537686))",1171065000,11710
송파구,11240,장지동,1124070,"POLYGON ((127.14007677473411 37.49149638593564, 127.14014217453096 37.48803044089965, 127.14479754461443 37.486243853071905, 127.14226829397522 37.48153296194719, 127.14464451147558 37.47903294823633, 127.15147990997852 37.47745324805034, 127.14857580353349 37.47381386382568, 127.14415938171436 37.473692508393505, 127.14112111404233 37.470600239054825, 127.13281577200672 37.47257463763244, 127.13478085797742 37.46509524639883, 127.12870227125612 37.46604184177013, 127.12913270892061 37.473579420826745, 127.1262793882353 37.47955845431148, 127.12876885818024 37.48352266062374, 127.13566505691283 37.48772495794805, 127.14007677473411 37.49149638593564))",1171064600,11710
송파구,11240,문정2동,1124069,"POLYGON ((127.12087971813645 37.48982135354343, 127.1231960830453 37.48619151131145, 127.1262793882353 37.47955845431148, 127.12913270892061 37.473579420826745, 127.12870227125612 37.46604184177013, 127.12440571080893 37.46240445587048, 127.12265007208167 37.46756987490939, 127.11314705595287 37.480127870880345, 127.11025761076787 37.48649739956609, 127.12087971813645 37.48982135354343))",1171064200,11710
송파구,11240,문정1동,1124068,"POLYGON ((127.13566505691283 37.48772495794805, 127.12876885818024 37.48352266062374, 127.1262793882353 37.47955845431148, 127.1231960830453 37.48619151131145, 127.12836832360932 37.488704998434415, 127.13201853850408 37.4903526191601, 127.13566505691283 37.48772495794805))",1171064100,11710
송파구,11240,가락2동,1124067,"POLYGON ((127.1413904172007 37.49285157653214, 127.14007677473411 37.49149638593564, 127.13566505691283 37.48772495794805, 127.13201853850408 37.4903526191601, 127.12836832360932 37.488704998434415, 127.12648844499559 37.492887536612415, 127.13023810599196 37.499201691257944, 127.1413904172007 37.49285157653214))",1171063200,11710
송파구,11240,가락1동,1124066,"POLYGON ((127.11690768761433 37.49540111125877, 127.12087971813645 37.48982135354343, 127.11025761076787 37.48649739956609, 127.104076240713 37.4908320962496, 127.0988509639092 37.49302529254068, 127.09945461343153 37.49413709993721, 127.11184118778608 37.49822071162521, 127.11373398262673 37.49759127667435, 127.11690768761433 37.49540111125877))",1171063100,11710
송파구,11240,가락본동,1124065,"POLYGON ((127.12601715489286 37.502566431166045, 127.13023810599196 37.499201691257944, 127.12648844499559 37.492887536612415, 127.12836832360932 37.488704998434415, 127.1231960830453 37.48619151131145, 127.12087971813645 37.48982135354343, 127.11690768761433 37.49540111125877, 127.12534597351237 37.50118281129916, 127.12454553610858 37.50257189817014, 127.12601715489286 37.502566431166045))",1171062000,11710
송파구,11240,삼전동,1124064,"POLYGON ((127.09942438049303 37.50373442814207, 127.09945461343153 37.49413709993721, 127.0988509639092 37.49302529254068, 127.0925798228796 37.49466797489548, 127.08573831212134 37.49645940739078, 127.09283256914149 37.50472802678396, 127.09942438049303 37.50373442814207))",1171061000,11710
송파구,11240,석촌동,1124063,"POLYGON ((127.1061376015552 37.505945179369164, 127.11225771020328 37.49918647739398, 127.11373398262673 37.49759127667435, 127.11184118778608 37.49822071162521, 127.09945461343153 37.49413709993721, 127.09942438049303 37.50373442814207, 127.1061376015552 37.505945179369164))",1171060000,11710
송파구,11240,송파2동,1124062,"POLYGON ((127.12454553610858 37.50257189817014, 127.12534597351237 37.50118281129916, 127.11690768761433 37.49540111125877, 127.11373398262673 37.49759127667435, 127.11225771020328 37.49918647739398, 127.11877175325546 37.50495689262354, 127.12454553610858 37.50257189817014))",1171059000,11710
송파구,11240,송파1동,1124061,"POLYGON ((127.1061376015552 37.505945179369164, 127.11020223658842 37.50917144065826, 127.11877175325546 37.50495689262354, 127.11225771020328 37.49918647739398, 127.1061376015552 37.505945179369164))",1171058000,11710
송파구,11240,오금동,1124060,"POLYGON ((127.14234128412676 37.50558978707914, 127.14648692309005 37.50158308598683, 127.14408770104095 37.496623440512806, 127.1413904172007 37.49285157653214, 127.13023810599196 37.499201691257944, 127.12601715489286 37.502566431166045, 127.13010227983818 37.50893147940457, 127.14234128412676 37.50558978707914))",1171057000,11710
송파구,11240,오륜동,1124059,"POLYGON ((127.12127423206992 37.5252637914794, 127.13085529491111 37.52098850616528, 127.1360224375423 37.51873736912533, 127.14672806823502 37.51415680680291, 127.14234128412676 37.50558978707914, 127.13010227983818 37.50893147940457, 127.12314046744862 37.51178484111041, 127.11466412513991 37.51471216716515, 127.1185171541772 37.52116117426451, 127.12127423206992 37.5252637914794))",1171056600,11710
송파구,11240,방이2동,1124058,"POLYGON ((127.10876057377162 37.51270927934955, 127.11466412513991 37.51471216716515, 127.12314046744862 37.51178484111041, 127.11877175325546 37.50495689262354, 127.11020223658842 37.50917144065826, 127.10876057377162 37.51270927934955))",1171056200,11710
송파구,11240,방이1동,1124057,"POLYGON ((127.12314046744862 37.51178484111041, 127.13010227983818 37.50893147940457, 127.12601715489286 37.502566431166045, 127.12454553610858 37.50257189817014, 127.11877175325546 37.50495689262354, 127.12314046744862 37.51178484111041))",1171056100,11710
송파구,11240,마천2동,1124056,"POLYGON ((127.14408770104095 37.496623440512806, 127.14648692309005 37.50158308598683, 127.16086308579277 37.49886565522751, 127.16221160119412 37.49435439117592, 127.15865753093507 37.495594767385334, 127.15108684456172 37.49347790471909, 127.14869521677802 37.4951743903677, 127.14408770104095 37.496623440512806))",1171055000,11710
송파구,11240,마천1동,1124055,"POLYGON ((127.15108684456172 37.49347790471909, 127.15865753093507 37.495594767385334, 127.16221160119412 37.49435439117592, 127.1597960174098 37.4873645011712, 127.15108684456172 37.49347790471909))",1171054000,11710
송파구,11240,거여2동,1124054,"POLYGON ((127.14869521677802 37.4951743903677, 127.15108684456172 37.49347790471909, 127.1597960174098 37.4873645011712, 127.15393282790794 37.48483891408459, 127.15147990997852 37.47745324805034, 127.14464451147558 37.47903294823633, 127.14226829397522 37.48153296194719, 127.14479754461443 37.486243853071905, 127.14869521677802 37.4951743903677))",1171053200,11710
송파구,11240,거여1동,1124053,"POLYGON ((127.14408770104095 37.496623440512806, 127.14869521677802 37.4951743903677, 127.14479754461443 37.486243853071905, 127.14014217453096 37.48803044089965, 127.14007677473411 37.49149638593564, 127.1413904172007 37.49285157653214, 127.14408770104095 37.496623440512806))",1171053100,11710
송파구,11240,풍납2동,1124052,"POLYGON ((127.10626975478488 37.53320246924532, 127.11304803679042 37.53323632740019, 127.12337386349152 37.53030612633618, 127.12127423206992 37.5252637914794, 127.1185171541772 37.52116117426451, 127.10692849040475 37.52108916220014, 127.101068120931 37.525151938900564, 127.10531319401831 37.53186404698371, 127.10626975478488 37.53320246924532))",1171052000,11710
송파구,11240,풍납1동,1124051,"POLYGON ((127.1116764203608 37.540669955324965, 127.12532464331997 37.53572787912298, 127.12337386349152 37.53030612633618, 127.11304803679042 37.53323632740019, 127.10626975478488 37.53320246924532, 127.1116764203608 37.540669955324965))",1171051000,11710
강남구,11230,개포2동,1123080,"POLYGON ((127.07394407641691 37.490219908941526, 127.07831697796368 37.48978382345622, 127.07955765330033 37.48431726402668, 127.07496933809618 37.475920723613505, 127.0792709266303 37.47220180263369, 127.07135137525977 37.47107802023145, 127.05862774489128 37.48485501136302, 127.05866574786786 37.484875268285805, 127.06763773042414 37.487263687924894, 127.07394407641691 37.490219908941526))",1168067000,11680
강남구,11230,대치2동,1123079,"POLYGON ((127.07091156739416 37.50719902959034, 127.0719146000724 37.50224013587669, 127.07528960655267 37.49932614743975, 127.07759949729024 37.49839572885325, 127.07394407641691 37.490219908941526, 127.06763773042414 37.487263687924894, 127.06296770120233 37.496068529964205, 127.05879877483423 37.504050964816194, 127.07057106587357 37.50748081931759, 127.07091156739416 37.50719902959034))",1168061000,11680
강남구,11230,청담동,1123078,"POLYGON ((127.05116490008963 37.52975116557232, 127.05867359288398 37.52629974922568, 127.06737268086228 37.5228018732759, 127.06365597242453 37.518924048557444, 127.05237890906925 37.51605001646398, 127.04426529288817 37.51461391134843, 127.04128354419875 37.52010346103419, 127.0458959378645 37.52425115144997, 127.04806779588436 37.52970198575087, 127.05116490008963 37.52975116557232))",1168056500,11680
강남구,11230,압구정동,1123077,"POLYGON ((127.03038815978167 37.5357278833247, 127.0319617044248 37.536064291470424, 127.04806779588436 37.52970198575087, 127.0458959378645 37.52425115144997, 127.04128354419875 37.52010346103419, 127.03018252439756 37.51678177148938, 127.03072620802452 37.52381134651025, 127.0236688023869 37.53273057382971, 127.02780424413358 37.53506389757521, 127.03038815978167 37.5357278833247))",1168054500,11680
강남구,11230,세곡동,1123076,"POLYGON ((127.11314705595287 37.480127870880345, 127.12265007208167 37.46756987490939, 127.12440571080893 37.46240445587048, 127.11957248720776 37.45936217377656, 127.10841788934951 37.45972888008147, 127.10561257180657 37.456815702518746, 127.10032466845217 37.45598440195682, 127.09842759318751 37.45862253857461, 127.0866005634691 37.47006403057779, 127.08727101192895 37.472465566199986, 127.09510067486981 37.474453413329506, 127.09945312663469 37.475272759096235, 127.1000935746333 37.47939253962789, 127.10560682685214 37.482955125022336, 127.10771415071433 37.47993429093454, 127.11314705595287 37.480127870880345))",1168070000,11680
강남구,11230,수서동,1123075,"POLYGON ((127.104076240713 37.4908320962496, 127.11025761076787 37.48649739956609, 127.11314705595287 37.480127870880345, 127.10771415071433 37.47993429093454, 127.10560682685214 37.482955125022336, 127.1000935746333 37.47939253962789, 127.09945312663469 37.475272759096235, 127.09510067486981 37.474453413329506, 127.09702692156233 37.479591576263, 127.09620412081851 37.484545771904756, 127.09285661208187 37.48853012296095, 127.104076240713 37.4908320962496))",1168075000,11680
강남구,11230,일원2동,1123074,"POLYGON ((127.07759949729024 37.49839572885325, 127.08573831212134 37.49645940739078, 127.0925798228796 37.49466797489548, 127.08172540673972 37.49085982528918, 127.0839105884464 37.48586538552836, 127.07955765330033 37.48431726402668, 127.07831697796368 37.48978382345622, 127.07394407641691 37.490219908941526, 127.07759949729024 37.49839572885325))",,11680
강남구,11230,일원1동,1123073,"POLYGON ((127.0925798228796 37.49466797489548, 127.0988509639092 37.49302529254068, 127.104076240713 37.4908320962496, 127.09285661208187 37.48853012296095, 127.0839105884464 37.48586538552836, 127.08172540673972 37.49085982528918, 127.0925798228796 37.49466797489548))",1168073000,11680
강남구,11230,일원본동,1123072,"POLYGON ((127.0839105884464 37.48586538552836, 127.09285661208187 37.48853012296095, 127.09620412081851 37.484545771904756, 127.09702692156233 37.479591576263, 127.09510067486981 37.474453413329506, 127.08727101192895 37.472465566199986, 127.0792709266303 37.47220180263369, 127.07496933809618 37.475920723613505, 127.07955765330033 37.48431726402668, 127.0839105884464 37.48586538552836))",1168072000,11680
강남구,11230,개포4동,1123071,"POLYGON ((127.05383176381247 37.482047981751535, 127.05587472631811 37.478288628675365, 127.06463901956462 37.47003474490574, 127.06371868919344 37.4661503234869, 127.0559170481904 37.4659228914077, 127.05168651987388 37.46767933933969, 127.053163612607 37.46868345481501, 127.04604758022018 37.476903515648424, 127.05383176381247 37.482047981751535))",1168069000,11680
강남구,11230,개포1동,1123068,"POLYGON ((127.05862774489128 37.48485501136302, 127.07135137525977 37.47107802023145, 127.06463901956462 37.47003474490574, 127.05587472631811 37.478288628675365, 127.05383176381247 37.482047981751535, 127.05862774489128 37.48485501136302))",1168066000,11680
강남구,11230,도곡2동,1123067,"POLYGON ((127.05508059617965 37.49354665411371, 127.05866574786786 37.484875268285805, 127.05862774489128 37.48485501136302, 127.05383176381247 37.482047981751535, 127.04604758022018 37.476903515648424, 127.04345123620755 37.48276415595109, 127.05192926662072 37.48557435972622, 127.0487980642459 37.491499814920594, 127.05461669063445 37.49424887399282, 127.05508059617965 37.49354665411371))",1168065600,11680
강남구,11230,도곡1동,1123066,"POLYGON ((127.0487980642459 37.491499814920594, 127.05192926662072 37.48557435972622, 127.04345123620755 37.48276415595109, 127.03621915098798 37.48175802427603, 127.03372770134304 37.48673420790798, 127.0429937515614 37.4896079199333, 127.0487980642459 37.491499814920594))",1168065500,11680
강남구,11230,역삼2동,1123065,"POLYGON ((127.05461669063445 37.49424887399282, 127.0487980642459 37.491499814920594, 127.0429937515614 37.4896079199333, 127.03914920908133 37.497812019813196, 127.04928414981033 37.50116986852596, 127.05461669063445 37.49424887399282))",1168065000,11680
강남구,11230,역삼1동,1123064,"POLYGON ((127.04637616087683 37.50642665161706, 127.05103593048881 37.50182669060668, 127.04928414981033 37.50116986852596, 127.03914920908133 37.497812019813196, 127.0429937515614 37.4896079199333, 127.03372770134304 37.48673420790798, 127.02973923489684 37.49515937670812, 127.02659989308502 37.50171416311321, 127.02657410782747 37.50176795282692, 127.0360134845328 37.504542767054886, 127.04637616087683 37.50642665161706))",1168064000,11680
강남구,11230,대치4동,1123063,"POLYGON ((127.05879877483423 37.504050964816194, 127.06296770120233 37.496068529964205, 127.05508059617965 37.49354665411371, 127.05461669063445 37.49424887399282, 127.04928414981033 37.50116986852596, 127.05103593048881 37.50182669060668, 127.05879877483423 37.504050964816194))",1168063000,11680
강남구,11230,대치1동,1123060,"POLYGON ((127.05508059617965 37.49354665411371, 127.06296770120233 37.496068529964205, 127.06763773042414 37.487263687924894, 127.05866574786786 37.484875268285805, 127.05508059617965 37.49354665411371))",1168060000,11680
강남구,11230,삼성2동,1123059,"POLYGON ((127.04426529288817 37.51461391134843, 127.05237890906925 37.51605001646398, 127.05879877483423 37.504050964816194, 127.05103593048881 37.50182669060668, 127.04637616087683 37.50642665161706, 127.04426529288817 37.51461391134843))",1168059000,11680
강남구,11230,삼성1동,1123058,"POLYGON ((127.0690698130372 37.522279423505026, 127.07057106587357 37.50748081931759, 127.05879877483423 37.504050964816194, 127.05237890906925 37.51605001646398, 127.06365597242453 37.518924048557444, 127.06737268086228 37.5228018732759, 127.0690698130372 37.522279423505026))",1168058000,11680
강남구,11230,논현2동,1123053,"POLYGON ((127.03018252439756 37.51678177148938, 127.04128354419875 37.52010346103419, 127.04426529288817 37.51461391134843, 127.04637616087683 37.50642665161706, 127.0360134845328 37.504542767054886, 127.03018252439756 37.51678177148938))",1168053100,11680
강남구,11230,논현1동,1123052,"POLYGON ((127.03018252439756 37.51678177148938, 127.0360134845328 37.504542767054886, 127.02657410782747 37.50176795282692, 127.02245373407158 37.508002078676576, 127.02161856434614 37.513416422499084, 127.03018252439756 37.51678177148938))",1168052100,11680
강남구,11230,신사동,1123051,"POLYGON ((127.0236688023869 37.53273057382971, 127.03072620802452 37.52381134651025, 127.03018252439756 37.51678177148938, 127.02161856434614 37.513416422499084, 127.01917707838057 37.520085205855196, 127.01397119667513 37.52503988289669, 127.02302831890559 37.53231899582663, 127.0236688023869 37.53273057382971))",1168051000,11680
서초구,11220,내곡동,1122068,"POLYGON ((127.0792709266303 37.47220180263369, 127.08727101192895 37.472465566199986, 127.0866005634691 37.47006403057779, 127.09842759318751 37.45862253857461, 127.09472136159357 37.450897902539175, 127.09047890749349 37.44637473407341, 127.09046928565951 37.44296826114185, 127.08441983692467 37.4383879031398, 127.07686576585408 37.43960712011444, 127.07361291761038 37.43318474533595, 127.0733788318578 37.42814484786288, 127.06526281404322 37.426893481829154, 127.0656455399364 37.43509622285728, 127.0593944565645 37.44315813094073, 127.05297293494668 37.449241270494966, 127.04513792893613 37.46281221924982, 127.05168651987388 37.46767933933969, 127.0559170481904 37.4659228914077, 127.06371868919344 37.4661503234869, 127.06463901956462 37.47003474490574, 127.07135137525977 37.47107802023145, 127.0792709266303 37.47220180263369))",1165066000,11650
서초구,11220,양재2동,1122067,"POLYGON ((127.04604758022018 37.476903515648424, 127.053163612607 37.46868345481501, 127.05168651987388 37.46767933933969, 127.04513792893613 37.46281221924982, 127.05297293494668 37.449241270494966, 127.0593944565645 37.44315813094073, 127.0656455399364 37.43509622285728, 127.06526281404322 37.426893481829154, 127.05424556064274 37.42574929824175, 127.03751805596916 37.438362795245276, 127.04031700689708 37.44191429311459, 127.03825522385397 37.448766467898395, 127.03881782597922 37.45382039851715, 127.0319652225414 37.46263681748507, 127.03107641152377 37.46504242807259, 127.03588486600127 37.47009273541269, 127.04144896740124 37.471917481885704, 127.04604758022018 37.476903515648424))",1165065200,11650
서초구,11220,양재1동,1122066,"POLYGON ((127.03621915098798 37.48175802427603, 127.04345123620755 37.48276415595109, 127.04604758022018 37.476903515648424, 127.04144896740124 37.471917481885704, 127.03588486600127 37.47009273541269, 127.03107641152377 37.46504242807259, 127.0319652225414 37.46263681748507, 127.02820831539744 37.455700834295826, 127.02263694708293 37.45335816711404, 127.01316256500736 37.45257906566242, 127.00738548779366 37.459815333664274, 127.00552362663117 37.46445102893571, 127.01241251373114 37.46945266650744, 127.02193521391702 37.474067716833154, 127.02911870203953 37.477701177812094, 127.03462716684471 37.478201066805696, 127.03621915098798 37.48175802427603))",1165065100,11650
서초구,11220,방배4동,1122065,"POLYGON ((126.99756162244753 37.49121462895283, 127.00236954846237 37.48914136388378, 127.0028991124446 37.48711641458056, 126.9917301376147 37.48363649668782, 126.9841829418739 37.48258040500068, 126.98475158894651 37.48808652542345, 126.99756162244753 37.49121462895283))",1165062100,11650
서초구,11220,방배3동,1122064,"POLYGON ((127.00425350496688 37.47948911528557, 127.01241251373114 37.46945266650744, 127.00552362663117 37.46445102893571, 126.99837609897334 37.46390918086617, 126.99684871156603 37.46601122839686, 126.98890725595724 37.468374836458025, 126.98869909976182 37.47431676692406, 126.99573866021271 37.47737384236648, 127.00425350496688 37.47948911528557))",1165062000,11650
서초구,11220,방배2동,1122063,"POLYGON ((126.9917301376147 37.48363649668782, 126.99573866021271 37.47737384236648, 126.98869909976182 37.47431676692406, 126.98890725595724 37.468374836458025, 126.99684871156603 37.46601122839686, 126.99837609897334 37.46390918086617, 126.99893310307874 37.459376062410314, 126.99072073195462 37.455326143310025, 126.99026416700147 37.46271603227842, 126.9846374349825 37.46996301876212, 126.98367668291802 37.473856492692086, 126.9841829418739 37.48258040500068, 126.9917301376147 37.48363649668782))",1165061000,11650
서초구,11220,방배1동,1122062,"POLYGON ((127.0028991124446 37.48711641458056, 127.00425350496688 37.47948911528557, 126.99573866021271 37.47737384236648, 126.9917301376147 37.48363649668782, 127.0028991124446 37.48711641458056))",1165060000,11650
서초구,11220,방배본동,1122061,"POLYGON ((126.99280810942619 37.49535122909258, 126.99756162244753 37.49121462895283, 126.98475158894651 37.48808652542345, 126.98500224966135 37.49356837311327, 126.98984815732794 37.49543063072423, 126.99280810942619 37.49535122909258))",1165059000,11650
서초구,11220,반포4동,1122060,"POLYGON ((127.01112805225623 37.504611045572915, 127.0144851182109 37.49656589001244, 127.01455292676967 37.496242894198296, 127.00760224649255 37.494135920600236, 127.00236954846237 37.48914136388378, 126.99756162244753 37.49121462895283, 126.99280810942619 37.49535122909258, 127.00505388111766 37.49914077747473, 127.0031594358826 37.50220792443068, 127.01112805225623 37.504611045572915))",1165058100,11650
서초구,11220,반포3동,1122059,"POLYGON ((127.00652968936647 37.51745900392613, 127.01099709850469 37.51284317742507, 127.0137942031517 37.505368036653536, 127.01112805225623 37.504611045572915, 127.0031594358826 37.50220792443068, 126.99804297072596 37.5129396612835, 127.00248921069708 37.5151468928724, 127.00652968936647 37.51745900392613))",1165058000,11650
서초구,11220,반포2동,1122058,"POLYGON ((126.99804297072596 37.5129396612835, 127.0031594358826 37.50220792443068, 127.00505388111766 37.49914077747473, 126.99280810942619 37.49535122909258, 126.98984815732794 37.49543063072423, 126.9899353890095 37.49580403496503, 126.99500414982509 37.50009542123427, 126.99472022092728 37.50435142030156, 126.99148001917875 37.50990503427709, 126.99804297072596 37.5129396612835))",1165057000,11650
서초구,11220,반포1동,1122057,"POLYGON ((127.02245373407158 37.508002078676576, 127.02657410782747 37.50176795282692, 127.02659989308502 37.50171416311321, 127.0144851182109 37.49656589001244, 127.01112805225623 37.504611045572915, 127.0137942031517 37.505368036653536, 127.02245373407158 37.508002078676576))",1165056000,11650
서초구,11220,반포본동,1122056,"POLYGON ((126.99148001917875 37.50990503427709, 126.99472022092728 37.50435142030156, 126.99500414982509 37.50009542123427, 126.9899353890095 37.49580403496503, 126.9832495184969 37.49948552591205, 126.98223807916081 37.509314966770326, 126.98458580602838 37.51070333105394, 126.99148001917875 37.50990503427709))",1165055000,11650
서초구,11220,잠원동,1122055,"POLYGON ((127.01397119667513 37.52503988289669, 127.01917707838057 37.520085205855196, 127.02161856434614 37.513416422499084, 127.02245373407158 37.508002078676576, 127.0137942031517 37.505368036653536, 127.01099709850469 37.51284317742507, 127.00652968936647 37.51745900392613, 127.01007476999547 37.52178749847865, 127.01397119667513 37.52503988289669))",1165054000,11650
서초구,11220,서초4동,1122054,"POLYGON ((127.0144851182109 37.49656589001244, 127.02659989308502 37.50171416311321, 127.02973923489684 37.49515937670812, 127.02338041637414 37.493204693100644, 127.01786538558227 37.49151341708397, 127.01455292676967 37.496242894198296, 127.0144851182109 37.49656589001244))",1165053100,11650
서초구,11220,서초3동,1122053,"POLYGON ((127.01455292676967 37.496242894198296, 127.01786538558227 37.49151341708397, 127.01703724788821 37.48440211604317, 127.02193521391702 37.474067716833154, 127.01241251373114 37.46945266650744, 127.00425350496688 37.47948911528557, 127.0028991124446 37.48711641458056, 127.00236954846237 37.48914136388378, 127.00760224649255 37.494135920600236, 127.01455292676967 37.496242894198296))",1165053000,11650
서초구,11220,서초2동,1122052,"POLYGON ((127.02338041637414 37.493204693100644, 127.02973923489684 37.49515937670812, 127.03372770134304 37.48673420790798, 127.03621915098798 37.48175802427603, 127.03462716684471 37.478201066805696, 127.02911870203953 37.477701177812094, 127.02338041637414 37.493204693100644))",1165052000,11650
서초구,11220,서초1동,1122051,"POLYGON ((127.02338041637414 37.493204693100644, 127.02911870203953 37.477701177812094, 127.02193521391702 37.474067716833154, 127.01703724788821 37.48440211604317, 127.01786538558227 37.49151341708397, 127.02338041637414 37.493204693100644))",1165051000,11650
관악구,11210,미성동,1121083,"POLYGON ((126.92366817374759 37.480315798763726, 126.92627105886075 37.47435839005767, 126.91753462536707 37.468838192878735, 126.91717646453112 37.46334765487695, 126.91584245173756 37.462474576247985, 126.91452958751441 37.46286896301693, 126.91449316124319 37.46320234569859, 126.91032166997253 37.469818629944285, 126.91405961426707 37.47416764846582, 126.91181700249076 37.47814319736339, 126.91663244469753 37.47900792984755, 126.92366817374759 37.480315798763726))",1162076500,11620
관악구,11210,삼성동,1121082,"POLYGON ((126.93150707417718 37.47224181631584, 126.93623468957882 37.46898763955797, 126.9336695597905 37.46437446579584, 126.9406917114451 37.456467201499365, 126.93771961177886 37.44904524399294, 126.93312071245121 37.44501071260275, 126.93084408056525 37.447382928333994, 126.92456266203958 37.45443912781728, 126.92507406339945 37.460652610833634, 126.92834225100269 37.46529429742188, 126.92868677638837 37.47165351482308, 126.93150707417718 37.47224181631584))",1162074500,11620
관악구,11210,난곡동,1121081,"POLYGON ((126.92868677638837 37.47165351482308, 126.92834225100269 37.46529429742188, 126.92507406339945 37.460652610833634, 126.9214172035141 37.46364576749363, 126.91717646453112 37.46334765487695, 126.91753462536707 37.468838192878735, 126.92627105886075 37.47435839005767, 126.92868677638837 37.47165351482308))",1162077500,11620
관악구,11210,청룡동,1121080,"POLYGON ((126.94843404003258 37.47916653757164, 126.95486260308485 37.47848758271348, 126.95463206413926 37.468291186895485, 126.94864194254508 37.46993874127806, 126.94157462093705 37.475308696677835, 126.93783121002242 37.47862191982366, 126.93995045573277 37.48130132208863, 126.94843404003258 37.47916653757164))",1162059500,11620
관악구,11210,성현동,1121079,"POLYGON ((126.94948930121375 37.49110468547788, 126.95820407502991 37.488777541288265, 126.95899200969909 37.48357283130852, 126.95840177488707 37.48285932958326, 126.94904937323066 37.484125151160704, 126.94548449596635 37.48927722719803, 126.94948930121375 37.49110468547788))",1162056500,11620
관악구,11210,은천동,1121078,"POLYGON ((126.94548449596635 37.48927722719803, 126.94904937323066 37.484125151160704, 126.94843404003258 37.47916653757164, 126.93995045573277 37.48130132208863, 126.93629695726236 37.48203090419261, 126.93700566908628 37.483591621156734, 126.94142524558711 37.48340308135729, 126.94160536109705 37.4880711782804, 126.94374246925278 37.4894470145028, 126.94548449596635 37.48927722719803))",1162060500,11620
관악구,11210,대학동,1121073,"POLYGON ((126.94864194254508 37.46993874127806, 126.95463206413926 37.468291186895485, 126.95826655018382 37.4630546451078, 126.9576012005446 37.45976562808594, 126.96262889724737 37.45293309822277, 126.96782129382363 37.45222400270952, 126.97182506025071 37.446695966937014, 126.97079559323022 37.443979969069225, 126.96650852936277 37.44276983031553, 126.96520439085143 37.438249784006246, 126.95527369898224 37.43673711968809, 126.9415292183489 37.43315139671158, 126.9405640311191 37.437501011208845, 126.93312955918624 37.44290014710262, 126.93312071245121 37.44501071260275, 126.93771961177886 37.44904524399294, 126.9406917114451 37.456467201499365, 126.9336695597905 37.46437446579584, 126.93623468957882 37.46898763955797, 126.94888731158804 37.4672400375083, 126.94864194254508 37.46993874127806))",1162073500,11620
관악구,11210,조원동,1121072,"POLYGON ((126.9154171284617 37.48444210787001, 126.91663244469753 37.47900792984755, 126.91181700249076 37.47814319736339, 126.90156094129895 37.47753842789901, 126.90531975801812 37.48218087575429, 126.9154171284617 37.48444210787001))",1162072500,11620
관악구,11210,난향동,1121071,"POLYGON ((126.91584245173756 37.462474576247985, 126.91717646453112 37.46334765487695, 126.9214172035141 37.46364576749363, 126.92507406339945 37.460652610833634, 126.92456266203958 37.45443912781728, 126.92050446420534 37.454353860718314, 126.91624482176803 37.455284025751276, 126.91584245173756 37.462474576247985))",1162071500,11620
관악구,11210,신림동,1121069,"POLYGON ((126.92639563063156 37.48715979752876, 126.93700566908628 37.483591621156734, 126.93629695726236 37.48203090419261, 126.9287559525669 37.48102787615792, 126.92827543846315 37.48097491535272, 126.92098483505987 37.486757150185284, 126.92639563063156 37.48715979752876))",1162069500,11620
관악구,11210,신사동,1121068,"POLYGON ((126.92098483505987 37.486757150185284, 126.92827543846315 37.48097491535272, 126.92366817374759 37.480315798763726, 126.91663244469753 37.47900792984755, 126.9154171284617 37.48444210787001, 126.91806236300178 37.485957329102675, 126.92098483505987 37.486757150185284))",1162068500,11620
관악구,11210,서림동,1121066,"POLYGON ((126.94157462093705 37.475308696677835, 126.94864194254508 37.46993874127806, 126.94888731158804 37.4672400375083, 126.93623468957882 37.46898763955797, 126.93150707417718 37.47224181631584, 126.93230582266611 37.47253628216111, 126.94157462093705 37.475308696677835))",1162066500,11620
관악구,11210,신원동,1121065,"POLYGON ((126.92827543846315 37.48097491535272, 126.9287559525669 37.48102787615792, 126.93276344865072 37.47585487860335, 126.93230582266611 37.47253628216111, 126.93150707417718 37.47224181631584, 126.92868677638837 37.47165351482308, 126.92627105886075 37.47435839005767, 126.92366817374759 37.480315798763726, 126.92827543846315 37.48097491535272))",1162065500,11620
관악구,11210,서원동,1121064,"POLYGON ((126.93629695726236 37.48203090419261, 126.93995045573277 37.48130132208863, 126.93783121002242 37.47862191982366, 126.94157462093705 37.475308696677835, 126.93230582266611 37.47253628216111, 126.93276344865072 37.47585487860335, 126.9287559525669 37.48102787615792, 126.93629695726236 37.48203090419261))",1162064500,11620
관악구,11210,남현동,1121063,"POLYGON ((126.98367668291802 37.473856492692086, 126.9846374349825 37.46996301876212, 126.99026416700147 37.46271603227842, 126.99072073195462 37.455326143310025, 126.98484249930785 37.45391909788938, 126.9829408096241 37.450206782833206, 126.97608193440507 37.44478918862847, 126.97079559323022 37.443979969069225, 126.97182506025071 37.446695966937014, 126.96782129382363 37.45222400270952, 126.9725725256628 37.45825824403714, 126.96663106925918 37.464747929889235, 126.9726936797238 37.46575239861487, 126.9725891850662 37.472561363278125, 126.98367668291802 37.473856492692086))",1162063000,11620
관악구,11210,인헌동,1121062,"POLYGON ((126.9725891850662 37.472561363278125, 126.9726936797238 37.46575239861487, 126.96663106925918 37.464747929889235, 126.96348560150876 37.472540374421925, 126.96440767194494 37.47478246235102, 126.9725891850662 37.472561363278125))",1162062500,11620
관악구,11210,중앙동,1121061,"POLYGON ((126.94904937323066 37.484125151160704, 126.95840177488707 37.48285932958326, 126.95486260308485 37.47848758271348, 126.94843404003258 37.47916653757164, 126.94904937323066 37.484125151160704))",1162061500,11620
관악구,11210,낙성대동,1121058,"POLYGON ((126.96440767194494 37.47478246235102, 126.96348560150876 37.472540374421925, 126.96663106925918 37.464747929889235, 126.9725725256628 37.45825824403714, 126.96782129382363 37.45222400270952, 126.96262889724737 37.45293309822277, 126.9576012005446 37.45976562808594, 126.95826655018382 37.4630546451078, 126.95463206413926 37.468291186895485, 126.95486260308485 37.47848758271348, 126.96440767194494 37.47478246235102))",1162058500,11620
관악구,11210,행운동,1121057,"POLYGON ((126.95840177488707 37.48285932958326, 126.95899200969909 37.48357283130852, 126.96424614800331 37.48243279750552, 126.96741939434126 37.47675795377249, 126.9722855254835 37.473818610325516, 126.9725891850662 37.472561363278125, 126.96440767194494 37.47478246235102, 126.95486260308485 37.47848758271348, 126.95840177488707 37.48285932958326))",1162057500,11620
관악구,11210,청림동,1121054,"POLYGON ((126.9633360846239 37.48975425292044, 126.96424614800331 37.48243279750552, 126.95899200969909 37.48357283130852, 126.95820407502991 37.488777541288265, 126.9633360846239 37.48975425292044))",1162054500,11620
관악구,11210,보라매동,1121052,"POLYGON ((126.94160536109705 37.4880711782804, 126.94142524558711 37.48340308135729, 126.93700566908628 37.483591621156734, 126.92639563063156 37.48715979752876, 126.93196490106226 37.49119599414282, 126.94160536109705 37.4880711782804))",1162052500,11620
동작구,11200,사당2동,1120073,"POLYGON ((126.98223807916081 37.509314966770326, 126.9832495184969 37.49948552591205, 126.9899353890095 37.49580403496503, 126.98984815732794 37.49543063072423, 126.98500224966135 37.49356837311327, 126.98475158894651 37.48808652542345, 126.9841829418739 37.48258040500068, 126.9812760922755 37.48158503246879, 126.97468559590764 37.489018883712056, 126.96507539174426 37.4917510491732, 126.96326759412752 37.49497584406339, 126.97352235482461 37.50130401679606, 126.97769265152034 37.509493178459635, 126.98223807916081 37.509314966770326))",1159063000,11590
동작구,11200,노량진1동,1120072,"POLYGON ((126.95249990298159 37.51722500741813, 126.95929599173525 37.51261154384949, 126.96450013511185 37.51055517949577, 126.95607471298464 37.50488702954205, 126.9524119824033 37.50499168222976, 126.94161406691951 37.50272002191596, 126.94233719296264 37.51044452347608, 126.94057860663652 37.51398774997332, 126.95249990298159 37.51722500741813))",1159051000,11590
동작구,11200,흑석동,1120071,"POLYGON ((126.97769265152034 37.509493178459635, 126.97352235482461 37.50130401679606, 126.96326759412752 37.49497584406339, 126.95885107914215 37.49640562627606, 126.95607471298464 37.50488702954205, 126.96450013511185 37.51055517949577, 126.97769265152034 37.509493178459635))",1159060500,11590
동작구,11200,신대방2동,1120070,"POLYGON ((126.9306798267766 37.496062300059975, 126.93196490106226 37.49119599414282, 126.92639563063156 37.48715979752876, 126.92098483505987 37.486757150185284, 126.91806236300178 37.485957329102675, 126.9163327240052 37.493780190159484, 126.92232549303954 37.49571954778746, 126.9306798267766 37.496062300059975))",1159068000,11590
동작구,11200,신대방1동,1120069,"POLYGON ((126.9115445390681 37.489781880538914, 126.9163327240052 37.493780190159484, 126.91806236300178 37.485957329102675, 126.9154171284617 37.48444210787001, 126.90531975801812 37.48218087575429, 126.90842351049845 37.48612122533977, 126.9115445390681 37.489781880538914))",1159067000,11590
동작구,11200,대방동,1120068,"POLYGON ((126.92810628828279 37.51329595732015, 126.93513436872607 37.51296228521225, 126.9373523083729 37.50423778061999, 126.93476001096774 37.50128548664937, 126.93072754309482 37.500649786296584, 126.9306798267766 37.496062300059975, 126.92232549303954 37.49571954778746, 126.92292130935361 37.49859475197651, 126.92749463764046 37.50985955934051, 126.92725960303925 37.51209836265926, 126.92810628828279 37.51329595732015))",1159066000,11590
동작구,11200,사당5동,1120067,"POLYGON ((126.96432866918614 37.491349816621465, 126.96846511146462 37.48520049433315, 126.9729413956428 37.48197744738734, 126.96741939434126 37.47675795377249, 126.96424614800331 37.48243279750552, 126.9633360846239 37.48975425292044, 126.96432866918614 37.491349816621465))",1159065100,11590
동작구,11200,사당4동,1120066,"POLYGON ((126.97778490572908 37.48048020651007, 126.9722855254835 37.473818610325516, 126.96741939434126 37.47675795377249, 126.9729413956428 37.48197744738734, 126.97778490572908 37.48048020651007))",1159065000,11590
동작구,11200,사당3동,1120065,"POLYGON ((126.96507539174426 37.4917510491732, 126.97468559590764 37.489018883712056, 126.9812760922755 37.48158503246879, 126.97778490572908 37.48048020651007, 126.9729413956428 37.48197744738734, 126.96846511146462 37.48520049433315, 126.96432866918614 37.491349816621465, 126.96507539174426 37.4917510491732))",1159064000,11590
동작구,11200,사당1동,1120063,"POLYGON ((126.9812760922755 37.48158503246879, 126.9841829418739 37.48258040500068, 126.98367668291802 37.473856492692086, 126.9725891850662 37.472561363278125, 126.9722855254835 37.473818610325516, 126.97778490572908 37.48048020651007, 126.9812760922755 37.48158503246879))",1159062000,11590
동작구,11200,상도4동,1120056,"POLYGON ((126.94997534917675 37.496451263261406, 126.94948930121375 37.49110468547788, 126.94548449596635 37.48927722719803, 126.94374246925278 37.4894470145028, 126.9340403017511 37.49771360612141, 126.93845359692162 37.50046502168116, 126.9413811592556 37.49773736791307, 126.94997534917675 37.496451263261406))",1159056000,11590
동작구,11200,상도3동,1120055,"POLYGON ((126.93845359692162 37.50046502168116, 126.9340403017511 37.49771360612141, 126.94374246925278 37.4894470145028, 126.94160536109705 37.4880711782804, 126.93196490106226 37.49119599414282, 126.9306798267766 37.496062300059975, 126.93072754309482 37.500649786296584, 126.93476001096774 37.50128548664937, 126.93845359692162 37.50046502168116))",1159055000,11590
동작구,11200,상도2동,1120054,"POLYGON ((126.94161406691951 37.50272002191596, 126.9524119824033 37.50499168222976, 126.94773783636064 37.50021910188897, 126.94997534917675 37.496451263261406, 126.9413811592556 37.49773736791307, 126.93845359692162 37.50046502168116, 126.93476001096774 37.50128548664937, 126.9373523083729 37.50423778061999, 126.94161406691951 37.50272002191596))",1159054000,11590
동작구,11200,상도1동,1120053,"POLYGON ((126.9524119824033 37.50499168222976, 126.95607471298464 37.50488702954205, 126.95885107914215 37.49640562627606, 126.96326759412752 37.49497584406339, 126.96507539174426 37.4917510491732, 126.96432866918614 37.491349816621465, 126.9633360846239 37.48975425292044, 126.95820407502991 37.488777541288265, 126.94948930121375 37.49110468547788, 126.94997534917675 37.496451263261406, 126.94773783636064 37.50021910188897, 126.9524119824033 37.50499168222976))",1159053000,11590
동작구,11200,노량진2동,1120052,"POLYGON ((126.94057860663652 37.51398774997332, 126.94233719296264 37.51044452347608, 126.94161406691951 37.50272002191596, 126.9373523083729 37.50423778061999, 126.93513436872607 37.51296228521225, 126.94057860663652 37.51398774997332))",1159052000,11590
영등포구,11190,문래동,1119076,"POLYGON ((126.89434679089375 37.517936329456134, 126.90318876248057 37.51623597708425, 126.90595650913806 37.512129264672595, 126.90024970072872 37.508651264053526, 126.89506194948585 37.50665830681419, 126.88156402353862 37.513970034765684, 126.88189648445959 37.5185794999475, 126.89434679089375 37.517936329456134))",1156060500,11560
영등포구,11190,도림동,1119075,"POLYGON ((126.91238867574337 37.50790341847211, 126.90031162921845 37.50253058714012, 126.89723167926884 37.50534888356761, 126.89506194948585 37.50665830681419, 126.90024970072872 37.508651264053526, 126.90447916191613 37.50678395238362, 126.90971834732278 37.509553173024216, 126.91238867574337 37.50790341847211))",1156058500,11560
영등포구,11190,영등포동,1119074,"POLYGON ((126.91529490742654 37.52161528298722, 126.9195863311316 37.516647135051095, 126.91875018253891 37.51465398520624, 126.9087446201612 37.51366001110295, 126.90595650913806 37.512129264672595, 126.90318876248057 37.51623597708425, 126.90492891259342 37.52332119911818, 126.91240657404029 37.52352906692572, 126.91529490742654 37.52161528298722))",1156053500,11560
영등포구,11190,영등포본동,1119073,"POLYGON ((126.90595650913806 37.512129264672595, 126.9087446201612 37.51366001110295, 126.91875018253891 37.51465398520624, 126.92093526536681 37.511422824115094, 126.91582906104041 37.50858070360255, 126.91238867574337 37.50790341847211, 126.90971834732278 37.509553173024216, 126.90447916191613 37.50678395238362, 126.90024970072872 37.508651264053526, 126.90595650913806 37.512129264672595))",1156051500,11560
영등포구,11190,대림3동,1119072,"POLYGON ((126.89723167926884 37.50534888356761, 126.90031162921845 37.50253058714012, 126.90256960768151 37.50022429722764, 126.9058370630647 37.49448728474771, 126.90201988936221 37.492026046634635, 126.8974895759185 37.48922754431995, 126.89561850607332 37.494919707033155, 126.89594776782485 37.504675281309176, 126.89723167926884 37.50534888356761))",1156072000,11560
영등포구,11190,대림2동,1119071,"POLYGON ((126.8974895759185 37.48922754431995, 126.90201988936221 37.492026046634635, 126.90842351049845 37.48612122533977, 126.90531975801812 37.48218087575429, 126.89965334502911 37.484789827364956, 126.8974895759185 37.48922754431995))",1156071000,11560
영등포구,11190,대림1동,1119070,"POLYGON ((126.91025958396753 37.49464345944196, 126.9115445390681 37.489781880538914, 126.90842351049845 37.48612122533977, 126.90201988936221 37.492026046634635, 126.9058370630647 37.49448728474771, 126.91025958396753 37.49464345944196))",1156070000,11560
영등포구,11190,신길7동,1119069,"POLYGON ((126.92725960303925 37.51209836265926, 126.92749463764046 37.50985955934051, 126.92292130935361 37.49859475197651, 126.91754848082671 37.5013900417839, 126.91821751806383 37.50284355014171, 126.92415760421663 37.50519728118446, 126.92725960303925 37.51209836265926))",1156069000,11560
영등포구,11190,신길6동,1119068,"POLYGON ((126.91754848082671 37.5013900417839, 126.92292130935361 37.49859475197651, 126.92232549303954 37.49571954778746, 126.9163327240052 37.493780190159484, 126.9115445390681 37.489781880538914, 126.91025958396753 37.49464345944196, 126.91230922114025 37.50081619356949, 126.91754848082671 37.5013900417839))",1156068000,11560
영등포구,11190,신길5동,1119067,"POLYGON ((126.91230922114025 37.50081619356949, 126.91025958396753 37.49464345944196, 126.9058370630647 37.49448728474771, 126.90256960768151 37.50022429722764, 126.91225382276667 37.50103128920818, 126.91230922114025 37.50081619356949))",1156067000,11560
영등포구,11190,신길4동,1119066,"POLYGON ((126.91238867574337 37.50790341847211, 126.91582906104041 37.50858070360255, 126.91821751806383 37.50284355014171, 126.91754848082671 37.5013900417839, 126.91230922114025 37.50081619356949, 126.91225382276667 37.50103128920818, 126.91238867574337 37.50790341847211))",1156066000,11560
영등포구,11190,신길3동,1119065,"POLYGON ((126.90031162921845 37.50253058714012, 126.91238867574337 37.50790341847211, 126.91225382276667 37.50103128920818, 126.90256960768151 37.50022429722764, 126.90031162921845 37.50253058714012))",1156065000,11560
영등포구,11190,신길1동,1119063,"POLYGON ((126.91875018253891 37.51465398520624, 126.9195863311316 37.516647135051095, 126.92810628828279 37.51329595732015, 126.92725960303925 37.51209836265926, 126.92415760421663 37.50519728118446, 126.91821751806383 37.50284355014171, 126.91582906104041 37.50858070360255, 126.92093526536681 37.511422824115094, 126.91875018253891 37.51465398520624))",1156063000,11560
영등포구,11190,양평2동,1119062,"POLYGON ((126.89884901883059 37.54351915927068, 126.90613928523919 37.54004262194344, 126.89623761041238 37.52641288576302, 126.89213569003026 37.52757969298779, 126.89339176028666 37.533030814524004, 126.88825757860099 37.54079733630232, 126.88736718003831 37.54350482420959, 126.89184663862764 37.547373974997114, 126.89884901883059 37.54351915927068))",1156062000,11560
영등포구,11190,양평1동,1119061,"POLYGON ((126.89213569003026 37.52757969298779, 126.89623761041238 37.52641288576302, 126.89434679089375 37.517936329456134, 126.88189648445959 37.5185794999475, 126.88191372979959 37.51939416754389, 126.88382776477316 37.52352483439659, 126.89057378109133 37.52792091672938, 126.89213569003026 37.52757969298779))",1156061000,11560
영등포구,11190,당산2동,1119056,"POLYGON ((126.90980671398273 37.53886879435198, 126.91045732281009 37.534772694841635, 126.91529490742654 37.52161528298722, 126.91240657404029 37.52352906692572, 126.90492891259342 37.52332119911818, 126.89623761041238 37.52641288576302, 126.90613928523919 37.54004262194344, 126.90980671398273 37.53886879435198))",1156056000,11560
영등포구,11190,당산1동,1119055,"POLYGON ((126.89623761041238 37.52641288576302, 126.90492891259342 37.52332119911818, 126.90318876248057 37.51623597708425, 126.89434679089375 37.517936329456134, 126.89623761041238 37.52641288576302))",1156055000,11560
영등포구,11190,여의동,1119054,"POLYGON ((126.91660453024498 37.537356735757825, 126.92756072062444 37.53502278894361, 126.93610231961364 37.533536049459336, 126.93918377413196 37.531505495586806, 126.94566733083212 37.526617542453366, 126.94843467030468 37.52453252611103, 126.95249990298159 37.51722500741813, 126.94057860663652 37.51398774997332, 126.93513436872607 37.51296228521225, 126.92810628828279 37.51329595732015, 126.9195863311316 37.516647135051095, 126.91529490742654 37.52161528298722, 126.91045732281009 37.534772694841635, 126.90980671398273 37.53886879435198, 126.91660453024498 37.537356735757825))",1156054000,11560
금천구,11180,시흥5동,1118061,"POLYGON ((126.91624482176803 37.455284025751276, 126.92050446420534 37.454353860718314, 126.91623048977463 37.45040788664923, 126.91455610652675 37.44572904043634, 126.92318732232543 37.44131494528283, 126.91731307133 37.43724513559761, 126.90541428634387 37.44462503407875, 126.90822392163314 37.450903268661136, 126.91624482176803 37.455284025751276))",1154571000,11545
금천구,11180,시흥4동,1118060,"POLYGON ((126.91452958751441 37.46286896301693, 126.91584245173756 37.462474576247985, 126.91624482176803 37.455284025751276, 126.90822392163314 37.450903268661136, 126.90645759578769 37.459485467495526, 126.91452958751441 37.46286896301693))",1154570000,11545
금천구,11180,시흥3동,1118059,"POLYGON ((126.90541428634387 37.44462503407875, 126.91731307133 37.43724513559761, 126.91082677485002 37.43100963341445, 126.90487628022693 37.43129996372531, 126.90081465102077 37.436498759868456, 126.90031753853916 37.441844173154756, 126.90541428634387 37.44462503407875))",1154569000,11545
금천구,11180,시흥2동,1118058,"POLYGON ((126.92050446420534 37.454353860718314, 126.92456266203958 37.45443912781728, 126.93084408056525 37.447382928333994, 126.92318732232543 37.44131494528283, 126.91455610652675 37.44572904043634, 126.91623048977463 37.45040788664923, 126.92050446420534 37.454353860718314))",1154568000,11545
금천구,11180,시흥1동,1118057,"POLYGON ((126.90083575184522 37.45658480873425, 126.90645759578769 37.459485467495526, 126.90822392163314 37.450903268661136, 126.90541428634387 37.44462503407875, 126.90031753853916 37.441844173154756, 126.89616541233094 37.44983024861048, 126.89519578428528 37.45455568795137, 126.90083575184522 37.45658480873425))",1154567000,11545
금천구,11180,독산4동,1118055,"POLYGON ((126.91032166997253 37.469818629944285, 126.91449316124319 37.46320234569859, 126.90887540243637 37.464609933141546, 126.899723499277 37.46370513249082, 126.90010255463336 37.468615371345656, 126.91032166997253 37.469818629944285))",1154564000,11545
금천구,11180,독산3동,1118054,"POLYGON ((126.90156094129895 37.47753842789901, 126.91181700249076 37.47814319736339, 126.91405961426707 37.47416764846582, 126.91032166997253 37.469818629944285, 126.90010255463336 37.468615371345656, 126.90104536043339 37.47614746588584, 126.90156094129895 37.47753842789901))",1154563000,11545
금천구,11180,독산2동,1118053,"POLYGON ((126.899723499277 37.46370513249082, 126.90887540243637 37.464609933141546, 126.91449316124319 37.46320234569859, 126.91452958751441 37.46286896301693, 126.90645759578769 37.459485467495526, 126.90083575184522 37.45658480873425, 126.899723499277 37.46370513249082))",1154562000,11545
금천구,11180,독산1동,1118052,"POLYGON ((126.89825969686503 37.4757468558901, 126.90104536043339 37.47614746588584, 126.90010255463336 37.468615371345656, 126.899723499277 37.46370513249082, 126.90083575184522 37.45658480873425, 126.89519578428528 37.45455568795137, 126.89616541233094 37.44983024861048, 126.89157226377172 37.449944282396714, 126.88831381741582 37.45357939777933, 126.89074130059865 37.45966561796733, 126.8888580943904 37.461870122601724, 126.89174430221999 37.463055857979434, 126.88921100537026 37.46922209048405, 126.89597010298843 37.46941932153884, 126.89795508338685 37.475649435288865, 126.89825969686503 37.4757468558901))",1154561000,11545
금천구,11180,가산동,1118051,"POLYGON ((126.87683271502428 37.482576591607305, 126.8827497570056 37.48316340563878, 126.89250092222446 37.47645208176555, 126.89795508338685 37.475649435288865, 126.89597010298843 37.46941932153884, 126.88921100537026 37.46922209048405, 126.89174430221999 37.463055857979434, 126.8888580943904 37.461870122601724, 126.87874781843654 37.47475533620029, 126.87683271502428 37.482576591607305))",1154551000,11545
구로구,11170,개봉1동,1117072,"POLYGON ((126.84758421076914 37.50465623338784, 126.85509346787413 37.49677390632454, 126.85813664620464 37.49945310272366, 126.85964089403875 37.49464868215615, 126.865188851797 37.49400704823152, 126.86627895796323 37.49120137793702, 126.8528533439373 37.49292365637293, 126.84614198129952 37.49691499254642, 126.84045080118607 37.497338425236606, 126.8421330711049 37.50273297478404, 126.84758421076914 37.50465623338784))",1153074000,11530
구로구,11170,구로2동,1117071,"POLYGON ((126.87556919864359 37.505720626918, 126.88332369335458 37.50118999471856, 126.89091066041216 37.49248179702087, 126.88987462636834 37.48814734711802, 126.88616257600926 37.48771092651104, 126.88820216446295 37.48204582221334, 126.88224417295716 37.484538764380076, 126.88204161704058 37.49785461236459, 126.87011807132725 37.49425767808731, 126.87335085283947 37.5028231455955, 126.87556919864359 37.505720626918))",1153053000,11530
구로구,11170,가리봉동,1117070,"POLYGON ((126.88224417295716 37.484538764380076, 126.88820216446295 37.48204582221334, 126.88841661067802 37.48219105172914, 126.89364846370364 37.48088630509854, 126.89825969686503 37.4757468558901, 126.89795508338685 37.475649435288865, 126.89250092222446 37.47645208176555, 126.8827497570056 37.48316340563878, 126.88224417295716 37.484538764380076))",1153059500,11530
구로구,11170,수궁동,1117069,"POLYGON ((126.82688081517314 37.50548972232896, 126.8312211095328 37.50541191299514, 126.8385046623421 37.49965438083505, 126.83850084850799 37.49784710329234, 126.83635695532831 37.495037167534534, 126.84016587991022 37.4903584307969, 126.82902179007415 37.490402535742646, 126.82525760713602 37.48574414595206, 126.81649745505314 37.490455810141476, 126.81480709048222 37.493362284349615, 126.8208295567048 37.49594689979241, 126.82688081517314 37.50548972232896))",1153079000,11530
구로구,11170,오류2동,1117068,"POLYGON ((126.8507075760755 37.492409254364155, 126.85022989832544 37.487654755354704, 126.84674307030883 37.48372082251853, 126.8503573371033 37.479551458733745, 126.84804505350411 37.478160467930344, 126.84762676054953 37.47146723936323, 126.84154264465728 37.4728980419, 126.82419365698964 37.472951080902234, 126.82179895415682 37.47518076838956, 126.82208805042494 37.48299688518288, 126.82525760713602 37.48574414595206, 126.82902179007415 37.490402535742646, 126.84016587991022 37.4903584307969, 126.8507075760755 37.492409254364155))",1153078000,11530
구로구,11170,오류1동,1117067,"POLYGON ((126.84045080118607 37.497338425236606, 126.84614198129952 37.49691499254642, 126.8528533439373 37.49292365637293, 126.8507075760755 37.492409254364155, 126.84016587991022 37.4903584307969, 126.83635695532831 37.495037167534534, 126.83850084850799 37.49784710329234, 126.84045080118607 37.497338425236606))",1153077000,11530
구로구,11170,개봉3동,1117065,"POLYGON ((126.86518121933331 37.48815437387523, 126.85397991619827 37.47882533996402, 126.8503573371033 37.479551458733745, 126.84674307030883 37.48372082251853, 126.85022989832544 37.487654755354704, 126.85543498147837 37.48701623234419, 126.86518121933331 37.48815437387523))",1153076000,11530
구로구,11170,개봉2동,1117064,"POLYGON ((126.8507075760755 37.492409254364155, 126.8528533439373 37.49292365637293, 126.86627895796323 37.49120137793702, 126.87028318342011 37.49272176466726, 126.87039560729964 37.49229978033802, 126.86518121933331 37.48815437387523, 126.85543498147837 37.48701623234419, 126.85022989832544 37.487654755354704, 126.8507075760755 37.492409254364155))",1153075000,11530
구로구,11170,고척2동,1117062,"POLYGON ((126.8602448049945 37.50714262450898, 126.86484290038425 37.50319788568579, 126.85813664620464 37.49945310272366, 126.85509346787413 37.49677390632454, 126.84758421076914 37.50465623338784, 126.8521985385098 37.507310601432195, 126.8602448049945 37.50714262450898))",1153073000,11530
구로구,11170,고척1동,1117061,"POLYGON ((126.87335085283947 37.5028231455955, 126.87011807132725 37.49425767808731, 126.87028318342011 37.49272176466726, 126.86627895796323 37.49120137793702, 126.865188851797 37.49400704823152, 126.85964089403875 37.49464868215615, 126.85813664620464 37.49945310272366, 126.86484290038425 37.50319788568579, 126.87335085283947 37.5028231455955))",1153072000,11530
구로구,11170,구로5동,1117056,"POLYGON ((126.89594776782485 37.504675281309176, 126.89561850607332 37.494919707033155, 126.89091066041216 37.49248179702087, 126.88332369335458 37.50118999471856, 126.89208439615787 37.505360781548355, 126.89594776782485 37.504675281309176))",1153056000,11530
구로구,11170,구로4동,1117055,"POLYGON ((126.89091066041216 37.49248179702087, 126.89561850607332 37.494919707033155, 126.8974895759185 37.48922754431995, 126.88841661067802 37.48219105172914, 126.88820216446295 37.48204582221334, 126.88616257600926 37.48771092651104, 126.88987462636834 37.48814734711802, 126.89091066041216 37.49248179702087))",1153055000,11530
구로구,11170,구로3동,1117054,"POLYGON ((126.88841661067802 37.48219105172914, 126.8974895759185 37.48922754431995, 126.89965334502911 37.484789827364956, 126.90531975801812 37.48218087575429, 126.90156094129895 37.47753842789901, 126.90104536043339 37.47614746588584, 126.89825969686503 37.4757468558901, 126.89364846370364 37.48088630509854, 126.88841661067802 37.48219105172914))",1153054000,11530
구로구,11170,구로1동,1117052,"POLYGON ((126.87028318342011 37.49272176466726, 126.87011807132725 37.49425767808731, 126.88204161704058 37.49785461236459, 126.88224417295716 37.484538764380076, 126.8827497570056 37.48316340563878, 126.87683271502428 37.482576591607305, 126.87926901338844 37.4851363312754, 126.87174309157962 37.48971286459863, 126.87039560729964 37.49229978033802, 126.87028318342011 37.49272176466726))",1153052000,11530
구로구,11170,신도림동,1117051,"POLYGON ((126.88156402353862 37.513970034765684, 126.89506194948585 37.50665830681419, 126.89723167926884 37.50534888356761, 126.89594776782485 37.504675281309176, 126.89208439615787 37.505360781548355, 126.88332369335458 37.50118999471856, 126.87556919864359 37.505720626918, 126.88054908630636 37.51148026214697, 126.88156402353862 37.513970034765684))",1153051000,11530
강서구,11160,우장산동,1116074,"POLYGON ((126.84780974674173 37.5550261701609, 126.84636706669716 37.549233049770855, 126.84915810452722 37.546058387441256, 126.84252506006656 37.53882587999314, 126.84248643305253 37.538863842507546, 126.8383863682457 37.545174879396555, 126.84030371472114 37.55576848582496, 126.84780974674173 37.5550261701609))",1150061500,11500
강서구,11160,화곡1동,1116073,"POLYGON ((126.84248643305253 37.538863842507546, 126.84252506006656 37.53882587999314, 126.845776963825 37.53389168127725, 126.85098397861944 37.525098716169985, 126.84257291943153 37.52373707805596, 126.83725242600985 37.53411319148143, 126.8358656942957 37.537072465505254, 126.84248643305253 37.538863842507546))",1150054000,11500
강서구,11160,방화3동,1116072,"POLYGON ((126.82013821212502 37.58984554388895, 126.82891304761237 37.5855611764797, 126.82389178356348 37.5805115142759, 126.8220236465094 37.575582241609006, 126.82416731803413 37.570485617093354, 126.81863919885505 37.57226324907598, 126.80602869753355 37.57128492259161, 126.80889516025724 37.57881207766864, 126.81621938733282 37.58001867470521, 126.8167365218707 37.58455816281533, 126.82013821212502 37.58984554388895))",1150064100,11500
강서구,11160,방화2동,1116071,"POLYGON ((126.82013821212502 37.58984554388895, 126.8167365218707 37.58455816281533, 126.81621938733282 37.58001867470521, 126.80889516025724 37.57881207766864, 126.80602869753355 37.57128492259161, 126.81275701621882 37.57049397997027, 126.81488044973581 37.56716756862558, 126.81312289595681 37.56126204433651, 126.80975096248189 37.558910921279036, 126.80380323114795 37.5595180086395, 126.79987321567752 37.56261839353205, 126.80232429119955 37.56730459638131, 126.79512728153674 37.57419027772393, 126.79799133400897 37.58036436587069, 126.80289369340177 37.58621464221784, 126.79910601240701 37.59569886491464, 126.80393696882469 37.601857300987895, 126.80759006979085 37.60089755124775, 126.82013821212502 37.58984554388895))",1150064000,11500
강서구,11160,방화1동,1116070,"POLYGON ((126.80602869753355 37.57128492259161, 126.81863919885505 37.57226324907598, 126.82416731803413 37.570485617093354, 126.82524246644489 37.56422437472115, 126.82137927932729 37.562134442446194, 126.81312289595681 37.56126204433651, 126.81488044973581 37.56716756862558, 126.81275701621882 37.57049397997027, 126.80602869753355 37.57128492259161))",1150063000,11500
강서구,11160,공항동,1116069,"POLYGON ((126.81312289595681 37.56126204433651, 126.82137927932729 37.562134442446194, 126.82555098376375 37.557264746336614, 126.82523592749284 37.55461280687505, 126.8166586807632 37.5478239301026, 126.8156733301979 37.540053246972874, 126.80542840499083 37.54008921830378, 126.80090914554204 37.53503009075454, 126.79688612254975 37.53302974862096, 126.7938616681597 37.54104361952839, 126.78880225462409 37.54353706379955, 126.78198339188025 37.543449601019624, 126.77756215424237 37.54611355396897, 126.77324417717703 37.5459123450554, 126.76977011413412 37.55052082471595, 126.77145103135192 37.55434307460708, 126.77879087345151 37.55919525318415, 126.77986476402239 37.564245932540665, 126.78471963959866 37.56745669198498, 126.78496836516075 37.57090748246567, 126.79172648531066 37.57472630536462, 126.79512728153674 37.57419027772393, 126.80232429119955 37.56730459638131, 126.79987321567752 37.56261839353205, 126.80380323114795 37.5595180086395, 126.80975096248189 37.558910921279036, 126.81312289595681 37.56126204433651))",1150062000,11500
강서구,11160,발산1동,1116067,"POLYGON ((126.84030371472114 37.55576848582496, 126.8383863682457 37.545174879396555, 126.83200611815096 37.54333490679484, 126.82686940039885 37.53819083730896, 126.8242331426722 37.53788078753248, 126.81674221631081 37.5378396500627, 126.8156733301979 37.540053246972874, 126.8166586807632 37.5478239301026, 126.82523592749284 37.55461280687505, 126.82555098376375 37.557264746336614, 126.84030371472114 37.55576848582496))",1150061100,11500
강서구,11160,가양3동,1116066,"POLYGON ((126.87134888695947 37.56109009293546, 126.86947398168665 37.556984074155004, 126.86512578486752 37.55408291030297, 126.85726544386726 37.558270319307645, 126.86242039016902 37.56591332261665, 126.87134888695947 37.56109009293546))",1150060500,11500
강서구,11160,가양2동,1116065,"POLYGON ((126.85302823436479 37.57282468882299, 126.85984199399667 37.571847855292745, 126.86242039016902 37.56591332261665, 126.85726544386726 37.558270319307645, 126.85091872876224 37.56160678233281, 126.85022236288613 37.56647656753536, 126.85302823436479 37.57282468882299))",1150060400,11500
강서구,11160,가양1동,1116064,"POLYGON ((126.82891304761237 37.5855611764797, 126.85302823436479 37.57282468882299, 126.85022236288613 37.56647656753536, 126.85091872876224 37.56160678233281, 126.84325267837748 37.565180477737044, 126.84030371472114 37.55576848582496, 126.82555098376375 37.557264746336614, 126.82137927932729 37.562134442446194, 126.82524246644489 37.56422437472115, 126.82416731803413 37.570485617093354, 126.8220236465094 37.575582241609006, 126.82389178356348 37.5805115142759, 126.82891304761237 37.5855611764797))",1150060300,11500
강서구,11160,화곡8동,1116063,"POLYGON ((126.85384356957594 37.53382920487927, 126.85405286851844 37.52548390048836, 126.85098397861944 37.525098716169985, 126.845776963825 37.53389168127725, 126.84980232441009 37.53610324606306, 126.85384356957594 37.53382920487927))",1150059300,11500
강서구,11160,화곡6동,1116061,"POLYGON ((126.85439730639317 37.5530916557025, 126.85980386876007 37.551273052973414, 126.85692306146737 37.54329765579618, 126.84915810452722 37.546058387441256, 126.84636706669716 37.549233049770855, 126.84780974674173 37.5550261701609, 126.85439730639317 37.5530916557025))",1150059100,11500
강서구,11160,화곡4동,1116059,"POLYGON ((126.85803356301149 37.539897387918316, 126.86256806363903 37.538759034594854, 126.86558466813598 37.532799856575316, 126.86610073476395 37.52699964144669, 126.86057462514691 37.52630489837469, 126.85971974241885 37.53062490914378, 126.85547567143561 37.53399345081322, 126.85435257719116 37.53731033078367, 126.85803356301149 37.539897387918316))",1150057000,11500
강서구,11160,화곡3동,1116058,"POLYGON ((126.83200611815096 37.54333490679484, 126.8383863682457 37.545174879396555, 126.84248643305253 37.538863842507546, 126.8358656942957 37.537072465505254, 126.8325348945036 37.538953250433295, 126.83200611815096 37.54333490679484))",1150056000,11500
강서구,11160,화곡2동,1116057,"POLYGON ((126.85547567143561 37.53399345081322, 126.85971974241885 37.53062490914378, 126.86057462514691 37.52630489837469, 126.85405286851844 37.52548390048836, 126.85384356957594 37.53382920487927, 126.85547567143561 37.53399345081322))",1150055000,11500
강서구,11160,화곡본동,1116055,"POLYGON ((126.84915810452722 37.546058387441256, 126.85692306146737 37.54329765579618, 126.85803356301149 37.539897387918316, 126.85435257719116 37.53731033078367, 126.85547567143561 37.53399345081322, 126.85384356957594 37.53382920487927, 126.84980232441009 37.53610324606306, 126.845776963825 37.53389168127725, 126.84252506006656 37.53882587999314, 126.84915810452722 37.546058387441256))",1150059000,11500
강서구,11160,등촌3동,1116054,"POLYGON ((126.85091872876224 37.56160678233281, 126.85726544386726 37.558270319307645, 126.85439730639317 37.5530916557025, 126.84780974674173 37.5550261701609, 126.84030371472114 37.55576848582496, 126.84325267837748 37.565180477737044, 126.85091872876224 37.56160678233281))",1150053500,11500
강서구,11160,등촌2동,1116053,"POLYGON ((126.86637464321238 37.54859191094823, 126.86426635332332 37.54172958759955, 126.86576197147025 37.53648442128123, 126.86558466813598 37.532799856575316, 126.86256806363903 37.538759034594854, 126.85803356301149 37.539897387918316, 126.85692306146737 37.54329765579618, 126.85980386876007 37.551273052973414, 126.86637464321238 37.54859191094823))",1150053000,11500
강서구,11160,등촌1동,1116052,"POLYGON ((126.85726544386726 37.558270319307645, 126.86512578486752 37.55408291030297, 126.86940930716221 37.55140031794267, 126.86716429874264 37.54825913468198, 126.86637464321238 37.54859191094823, 126.85980386876007 37.551273052973414, 126.85439730639317 37.5530916557025, 126.85726544386726 37.558270319307645))",1150052000,11500
강서구,11160,염창동,1116051,"POLYGON ((126.86512578486752 37.55408291030297, 126.86947398168665 37.556984074155004, 126.87134888695947 37.56109009293546, 126.88525790116067 37.5516677871273, 126.89184663862764 37.547373974997114, 126.88736718003831 37.54350482420959, 126.88825757860099 37.54079733630232, 126.8872486543506 37.54079100234749, 126.88280520161935 37.545072121233225, 126.8727924099192 37.544853699294116, 126.86716429874264 37.54825913468198, 126.86940930716221 37.55140031794267, 126.86512578486752 37.55408291030297))",1150051000,11500
양천구,11150,신정4동,1115072,"POLYGON ((126.86057462514691 37.52630489837469, 126.86610073476395 37.52699964144669, 126.86749753088638 37.51976064430961, 126.85454941949692 37.51844750978848, 126.85370070283693 37.5189206441223, 126.85098397861944 37.525098716169985, 126.85405286851844 37.52548390048836, 126.86057462514691 37.52630489837469))",1147065000,11470
양천구,11150,목5동,1115071,"POLYGON ((126.88825757860099 37.54079733630232, 126.89339176028666 37.533030814524004, 126.89213569003026 37.52757969298779, 126.89057378109133 37.52792091672938, 126.88355902788395 37.52909447536579, 126.86927702836392 37.52742003525212, 126.87475973523975 37.53477343212077, 126.87849727034555 37.53836745253164, 126.8872486543506 37.54079100234749, 126.88825757860099 37.54079733630232))",1147055000,11470
양천구,11150,신정7동,1115070,"POLYGON ((126.86468606159418 37.51407314112323, 126.86611597292664 37.50925786230955, 126.87184221343028 37.51125494089203, 126.87556919864359 37.505720626918, 126.87335085283947 37.5028231455955, 126.86484290038425 37.50319788568579, 126.8602448049945 37.50714262450898, 126.85802673813076 37.510879491972354, 126.86468606159418 37.51407314112323))",1147068000,11470
양천구,11150,신정6동,1115069,"POLYGON ((126.8732486487875 37.520328875655174, 126.87209146381848 37.515692570883026, 126.88054908630636 37.51148026214697, 126.87556919864359 37.505720626918, 126.87184221343028 37.51125494089203, 126.86611597292664 37.50925786230955, 126.86468606159418 37.51407314112323, 126.8694196710094 37.51572449961709, 126.86749753088638 37.51976064430961, 126.8732486487875 37.520328875655174))",1147067000,11470
양천구,11150,신정3동,1115066,"POLYGON ((126.85370070283693 37.5189206441223, 126.85454941949692 37.51844750978848, 126.85802673813076 37.510879491972354, 126.8602448049945 37.50714262450898, 126.8521985385098 37.507310601432195, 126.84758421076914 37.50465623338784, 126.8421330711049 37.50273297478404, 126.84045080118607 37.497338425236606, 126.83850084850799 37.49784710329234, 126.8385046623421 37.49965438083505, 126.8312211095328 37.50541191299514, 126.82688081517314 37.50548972232896, 126.82529622550616 37.513385210403136, 126.82750646477032 37.51629061540964, 126.83701592046177 37.51284779189256, 126.84353539904168 37.510310596868585, 126.85056881151817 37.514181933614545, 126.85370070283693 37.5189206441223))",1147064000,11470
양천구,11150,신정2동,1115065,"POLYGON ((126.88191372979959 37.51939416754389, 126.88189648445959 37.5185794999475, 126.88156402353862 37.513970034765684, 126.88054908630636 37.51148026214697, 126.87209146381848 37.515692570883026, 126.8732486487875 37.520328875655174, 126.88191372979959 37.51939416754389))",1147063000,11470
양천구,11150,신정1동,1115064,"POLYGON ((126.85454941949692 37.51844750978848, 126.86749753088638 37.51976064430961, 126.8694196710094 37.51572449961709, 126.86468606159418 37.51407314112323, 126.85802673813076 37.510879491972354, 126.85454941949692 37.51844750978848))",1147062000,11470
양천구,11150,신월7동,1115063,"POLYGON ((126.83698179947808 37.522751383509295, 126.84153277399147 37.514285107208785, 126.83701592046177 37.51284779189256, 126.82750646477032 37.51629061540964, 126.828002136099 37.52127611512284, 126.83698179947808 37.522751383509295))",1147061100,11470
양천구,11150,신월6동,1115062,"POLYGON ((126.84652529900028 37.517241513953415, 126.85056881151817 37.514181933614545, 126.84353539904168 37.510310596868585, 126.83701592046177 37.51284779189256, 126.84153277399147 37.514285107208785, 126.84652529900028 37.517241513953415))",1147061000,11470
양천구,11150,신월5동,1115061,"POLYGON ((126.82686940039885 37.53819083730896, 126.83200611815096 37.54333490679484, 126.8325348945036 37.538953250433295, 126.8358656942957 37.537072465505254, 126.83725242600985 37.53411319148143, 126.83059611512643 37.53311218043022, 126.82686940039885 37.53819083730896))",1147060000,11470
양천구,11150,신월4동,1115060,"POLYGON ((126.84257291943153 37.52373707805596, 126.84652529900028 37.517241513953415, 126.84153277399147 37.514285107208785, 126.83698179947808 37.522751383509295, 126.84257291943153 37.52373707805596))",1147059000,11470
양천구,11150,신월3동,1115059,"POLYGON ((126.8242331426722 37.53788078753248, 126.82686940039885 37.53819083730896, 126.83059611512643 37.53311218043022, 126.83698179947808 37.522751383509295, 126.828002136099 37.52127611512284, 126.83054711509516 37.52390261457357, 126.82389942108053 37.53199443525418, 126.8242331426722 37.53788078753248))",1147058000,11470
양천구,11150,신월2동,1115058,"POLYGON ((126.84257291943153 37.52373707805596, 126.85098397861944 37.525098716169985, 126.85370070283693 37.5189206441223, 126.85056881151817 37.514181933614545, 126.84652529900028 37.517241513953415, 126.84257291943153 37.52373707805596))",1147057000,11470
양천구,11150,신월1동,1115057,"POLYGON ((126.83059611512643 37.53311218043022, 126.83725242600985 37.53411319148143, 126.84257291943153 37.52373707805596, 126.83698179947808 37.522751383509295, 126.83059611512643 37.53311218043022))",1147056000,11470
양천구,11150,목4동,1115054,"POLYGON ((126.87055756559812 37.53699225363709, 126.87475973523975 37.53477343212077, 126.86927702836392 37.52742003525212, 126.86610073476395 37.52699964144669, 126.86558466813598 37.532799856575316, 126.86576197147025 37.53648442128123, 126.87055756559812 37.53699225363709))",1147054000,11470
양천구,11150,목3동,1115053,"POLYGON ((126.86716429874264 37.54825913468198, 126.8727924099192 37.544853699294116, 126.8684197802003 37.54189602426231, 126.87055756559812 37.53699225363709, 126.86576197147025 37.53648442128123, 126.86426635332332 37.54172958759955, 126.86637464321238 37.54859191094823, 126.86716429874264 37.54825913468198))",1147053000,11470
양천구,11150,목2동,1115052,"POLYGON ((126.8872486543506 37.54079100234749, 126.87849727034555 37.53836745253164, 126.87475973523975 37.53477343212077, 126.87055756559812 37.53699225363709, 126.8684197802003 37.54189602426231, 126.8727924099192 37.544853699294116, 126.88280520161935 37.545072121233225, 126.8872486543506 37.54079100234749))",1147052000,11470
양천구,11150,목1동,1115051,"POLYGON ((126.86927702836392 37.52742003525212, 126.88355902788395 37.52909447536579, 126.89057378109133 37.52792091672938, 126.88382776477316 37.52352483439659, 126.88191372979959 37.51939416754389, 126.8732486487875 37.520328875655174, 126.86749753088638 37.51976064430961, 126.86610073476395 37.52699964144669, 126.86927702836392 37.52742003525212))",1147051000,11470
마포구,11140,아현동,1114078,"POLYGON ((126.96080686210321 37.55386236039188, 126.95274019493613 37.54062324687825, 126.95177926379607 37.54101988041011, 126.95274582000921 37.55017655149721, 126.95095658775557 37.55417382175528, 126.96080686210321 37.55386236039188))",1144055500,11440
마포구,11140,공덕동,1114077,"POLYGON ((126.96358226710812 37.55605635475154, 126.96448570553055 37.548705692021635, 126.9652717698598 37.545857357585284, 126.9605977865388 37.542661954880806, 126.95860566778204 37.53790540710785, 126.95849894380981 37.53778540853926, 126.9527948485397 37.54059877152098, 126.95274019493613 37.54062324687825, 126.96080686210321 37.55386236039188, 126.96358226710812 37.55605635475154))",1144056500,11440
마포구,11140,서강동,1114076,"POLYGON ((126.93581430873347 37.550311759319506, 126.93399987234109 37.54266210521482, 126.92756072062444 37.53502278894361, 126.91660453024498 37.537356735757825, 126.92239058787995 37.545515177227784, 126.92761372790474 37.55053349777882, 126.93580310019456 37.55058433409703, 126.93581430873347 37.550311759319506))",1144065500,11440
마포구,11140,도화동,1114075,"POLYGON ((126.9527948485397 37.54059877152098, 126.95849894380981 37.53778540853926, 126.95510588488571 37.53504756564974, 126.94717864071288 37.53213495568077, 126.94566733083212 37.526617542453366, 126.93918377413196 37.531505495586806, 126.9527948485397 37.54059877152098))",1144058500,11440
마포구,11140,상암동,1114074,"POLYGON ((126.9002933918596 37.57546698933881, 126.90522065831053 37.57409700522574, 126.90370105002282 37.57266722738834, 126.90119444468941 37.57045601318688, 126.89423687994895 37.57005784010207, 126.89395971183399 37.565309112473116, 126.89719378018647 37.56240490268481, 126.89641426300079 37.557093666794856, 126.88525790116067 37.5516677871273, 126.87134888695947 37.56109009293546, 126.86242039016902 37.56591332261665, 126.85984199399667 37.571847855292745, 126.8779661566318 37.57680133323819, 126.87876320682938 37.581327335058546, 126.88433284773288 37.588143322880526, 126.9002933918596 37.57546698933881))",1144074000,11440
마포구,11140,성산2동,1114073,"POLYGON ((126.91189786775719 37.56828466933316, 126.9189492508714 37.56509129800692, 126.9198367834445 37.56464729290465, 126.91875769824924 37.56414276186601, 126.9056776475048 37.560576216232505, 126.89641426300079 37.557093666794856, 126.89719378018647 37.56240490268481, 126.89395971183399 37.565309112473116, 126.89423687994895 37.57005784010207, 126.90119444468941 37.57045601318688, 126.90370105002282 37.57266722738834, 126.91189786775719 37.56828466933316))",1144073000,11440
마포구,11140,성산1동,1114072,"POLYGON ((126.9056776475048 37.560576216232505, 126.91875769824924 37.56414276186601, 126.9196968926503 37.55604119213395, 126.910891567876 37.55462163192281, 126.91028294748949 37.55525051389034, 126.9056776475048 37.560576216232505))",1144072000,11440
마포구,11140,연남동,1114071,"POLYGON ((126.91875769824924 37.56414276186601, 126.9198367834445 37.56464729290465, 126.92778174854314 37.562495624023775, 126.92929457368359 37.55903243698079, 126.92923858493053 37.558954401174645, 126.9196968926503 37.55604119213395, 126.91875769824924 37.56414276186601))",1144071000,11440
마포구,11140,망원2동,1114070,"POLYGON ((126.89641426300079 37.557093666794856, 126.9056776475048 37.560576216232505, 126.91028294748949 37.55525051389034, 126.89899211864251 37.552912917072085, 126.89184663862764 37.547373974997114, 126.88525790116067 37.5516677871273, 126.89641426300079 37.557093666794856))",1144070000,11440
마포구,11140,망원1동,1114069,"POLYGON ((126.91028294748949 37.55525051389034, 126.910891567876 37.55462163192281, 126.91375243141232 37.55142212606801, 126.90477679372508 37.548625558278545, 126.89884901883059 37.54351915927068, 126.89184663862764 37.547373974997114, 126.89899211864251 37.552912917072085, 126.91028294748949 37.55525051389034))",1144069000,11440
마포구,11140,합정동,1114068,"POLYGON ((126.92239058787995 37.545515177227784, 126.91660453024498 37.537356735757825, 126.90980671398273 37.53886879435198, 126.90613928523919 37.54004262194344, 126.89884901883059 37.54351915927068, 126.90477679372508 37.548625558278545, 126.91375243141232 37.55142212606801, 126.91510197285156 37.54701762849355, 126.92239058787995 37.545515177227784))",1144068000,11440
마포구,11140,서교동,1114066,"POLYGON ((126.9196968926503 37.55604119213395, 126.92923858493053 37.558954401174645, 126.92872097190046 37.556034533941734, 126.93896393713574 37.552305488685015, 126.93580310019456 37.55058433409703, 126.92761372790474 37.55053349777882, 126.92239058787995 37.545515177227784, 126.91510197285156 37.54701762849355, 126.91375243141232 37.55142212606801, 126.910891567876 37.55462163192281, 126.9196968926503 37.55604119213395))",1144066000,11440
마포구,11140,신수동,1114063,"POLYGON ((126.94282813879478 37.543815259464886, 126.93610231961364 37.533536049459336, 126.92756072062444 37.53502278894361, 126.93399987234109 37.54266210521482, 126.93581430873347 37.550311759319506, 126.94282813879478 37.543815259464886))",1144063000,11440
마포구,11140,염리동,1114061,"POLYGON ((126.95095658775557 37.55417382175528, 126.95274582000921 37.55017655149721, 126.95177926379607 37.54101988041011, 126.94662536351 37.54234918830361, 126.94890961943955 37.55405181915151, 126.9509325367384 37.55417268480662, 126.95095658775557 37.55417382175528))",1144061000,11440
마포구,11140,대흥동,1114060,"POLYGON ((126.94890961943955 37.55405181915151, 126.94662536351 37.54234918830361, 126.94282813879478 37.543815259464886, 126.93581430873347 37.550311759319506, 126.93580310019456 37.55058433409703, 126.93896393713574 37.552305488685015, 126.94890961943955 37.55405181915151))",1144060000,11440
마포구,11140,용강동,1114059,"POLYGON ((126.94282813879478 37.543815259464886, 126.94662536351 37.54234918830361, 126.95177926379607 37.54101988041011, 126.95274019493613 37.54062324687825, 126.9527948485397 37.54059877152098, 126.93918377413196 37.531505495586806, 126.93610231961364 37.533536049459336, 126.94282813879478 37.543815259464886))",1144059000,11440
서대문구,11130,연희동,1113076,"POLYGON ((126.93929342338052 37.57974505457151, 126.94884904065293 37.574017470876505, 126.94613964160305 37.569384870799325, 126.93657088052419 37.563437179860664, 126.93590521961934 37.56076787948512, 126.92929457368359 37.55903243698079, 126.92778174854314 37.562495624023775, 126.9198367834445 37.56464729290465, 126.9189492508714 37.56509129800692, 126.92399025962119 37.56911054768506, 126.92940186538561 37.573141637732796, 126.93872245503174 37.57735685597068, 126.93929342338052 37.57974505457151))",1141061500,11410
서대문구,11130,신촌동,1113075,"POLYGON ((126.94884904065293 37.574017470876505, 126.95179002648598 37.565660027682426, 126.95196253281068 37.55701242435864, 126.9509325367384 37.55417268480662, 126.94890961943955 37.55405181915151, 126.93896393713574 37.552305488685015, 126.92872097190046 37.556034533941734, 126.92923858493053 37.558954401174645, 126.92929457368359 37.55903243698079, 126.93590521961934 37.56076787948512, 126.93657088052419 37.563437179860664, 126.94613964160305 37.569384870799325, 126.94884904065293 37.574017470876505))",1141058500,11410
서대문구,11130,북아현동,1113074,"POLYGON ((126.96416674215902 37.55646372969648, 126.96358226710812 37.55605635475154, 126.96080686210321 37.55386236039188, 126.95095658775557 37.55417382175528, 126.9509325367384 37.55417268480662, 126.95196253281068 37.55701242435864, 126.96167611795677 37.55893807832084, 126.96416674215902 37.55646372969648))",1141055500,11410
서대문구,11130,충현동,1113073,"POLYGON ((126.95179002648598 37.565660027682426, 126.95576552249543 37.566548412659806, 126.9611678475869 37.56268447642959, 126.96791140790054 37.56387244877316, 126.96873633279075 37.56313604690827, 126.97169209525231 37.55921654641677, 126.96416674215902 37.55646372969648, 126.96167611795677 37.55893807832084, 126.95196253281068 37.55701242435864, 126.95179002648598 37.565660027682426))",1141056500,11410
서대문구,11130,북가좌2동,1113072,"POLYGON ((126.9152424555643 37.58424100958063, 126.91792000144513 37.58034997804668, 126.92294033557631 37.580125678094205, 126.9180997441898 37.57645092045272, 126.9166247382111 37.57244562899426, 126.90838837134714 37.57732436176021, 126.9152424555643 37.58424100958063))",1141072000,11410
서대문구,11130,북가좌1동,1113071,"POLYGON ((126.90522065831053 37.57409700522574, 126.90838837134714 37.57732436176021, 126.9166247382111 37.57244562899426, 126.91722697849016 37.57236637727011, 126.91189786775719 37.56828466933316, 126.90370105002282 37.57266722738834, 126.90522065831053 37.57409700522574))",1141071000,11410
서대문구,11130,남가좌2동,1113070,"POLYGON ((126.92294033557631 37.580125678094205, 126.92512021447408 37.58220639940366, 126.92940186538561 37.573141637732796, 126.92399025962119 37.56911054768506, 126.91722697849016 37.57236637727011, 126.9166247382111 37.57244562899426, 126.9180997441898 37.57645092045272, 126.92294033557631 37.580125678094205))",1141070000,11410
서대문구,11130,남가좌1동,1113069,"POLYGON ((126.91722697849016 37.57236637727011, 126.92399025962119 37.56911054768506, 126.9189492508714 37.56509129800692, 126.91189786775719 37.56828466933316, 126.91722697849016 37.57236637727011))",1141069000,11410
서대문구,11130,홍은2동,1113068,"POLYGON ((126.93051448519475 37.58910147357643, 126.93575441237547 37.593605788596975, 126.94069194338766 37.59480468811755, 126.94354855237141 37.58860723362227, 126.9383777751974 37.585429871209314, 126.93929342338052 37.57974505457151, 126.93872245503174 37.57735685597068, 126.92940186538561 37.573141637732796, 126.92512021447408 37.58220639940366, 126.92491504888254 37.58282829757469, 126.9302171100533 37.58559126746845, 126.93051448519475 37.58910147357643))",1141068500,11410
서대문구,11130,홍은1동,1113066,"POLYGON ((126.95521972472223 37.6028055028182, 126.95484771718951 37.59761368186209, 126.95840219139065 37.59286915755905, 126.94901165298917 37.59531479628642, 126.94929811220281 37.591889665297295, 126.94393870573742 37.58813801809778, 126.94354855237141 37.58860723362227, 126.94069194338766 37.59480468811755, 126.94451473597087 37.60203195380752, 126.9524752030572 37.60508692737045, 126.95521972472223 37.6028055028182))",1141066000,11410
서대문구,11130,홍제2동,1113065,"POLYGON ((126.95899265035453 37.582625966740245, 126.95999404935964 37.581017044457894, 126.96277252443328 37.57800302937317, 126.95565425846463 37.576080790881456, 126.94707996064183 37.585285063454315, 126.95353241624856 37.586360797364044, 126.95899265035453 37.582625966740245))",1141065500,11410
서대문구,11130,홍제3동,1113064,"POLYGON ((126.95840219139065 37.59286915755905, 126.960424902266 37.58868913291801, 126.95899265035453 37.582625966740245, 126.95353241624856 37.586360797364044, 126.94707996064183 37.585285063454315, 126.94393870573742 37.58813801809778, 126.94929811220281 37.591889665297295, 126.94901165298917 37.59531479628642, 126.95840219139065 37.59286915755905))",1141064000,11410
서대문구,11130,홍제1동,1113062,"POLYGON ((126.94393870573742 37.58813801809778, 126.94707996064183 37.585285063454315, 126.95565425846463 37.576080790881456, 126.95602794250746 37.57569600504501, 126.9528788323378 37.57209795116253, 126.95576552249543 37.566548412659806, 126.95179002648598 37.565660027682426, 126.94884904065293 37.574017470876505, 126.93929342338052 37.57974505457151, 126.9383777751974 37.585429871209314, 126.94354855237141 37.58860723362227, 126.94393870573742 37.58813801809778))",1141062000,11410
서대문구,11130,천연동,1113052,"POLYGON ((126.96166940147832 37.57016540871937, 126.96791140790054 37.56387244877316, 126.9611678475869 37.56268447642959, 126.95576552249543 37.566548412659806, 126.9528788323378 37.57209795116253, 126.95602794250746 37.57569600504501, 126.96166940147832 37.57016540871937))",1141052000,11410
은평구,11120,역촌동,1112074,"POLYGON ((126.92498193088153 37.60352915176727, 126.92272661522195 37.598941109233216, 126.91815424150336 37.59641937585287, 126.91241446068861 37.59920229135657, 126.90417801431465 37.60102912046836, 126.90380863795977 37.60293939623126, 126.9115683361278 37.60260436897122, 126.91734288946908 37.60463642201932, 126.91938204403002 37.608508047046755, 126.92498193088153 37.60352915176727))",1138062500,11380
은평구,11120,응암3동,1112073,"POLYGON ((126.92119069843343 37.59320942013754, 126.91934578068954 37.58744341488351, 126.9247454299379 37.58599945711583, 126.92491504888254 37.58282829757469, 126.92512021447408 37.58220639940366, 126.92294033557631 37.580125678094205, 126.91792000144513 37.58034997804668, 126.9152424555643 37.58424100958063, 126.91567447086332 37.585934532678884, 126.91657550646327 37.58950322545143, 126.91778985102387 37.59428578844456, 126.92119069843343 37.59320942013754))",1138060000,11380
은평구,11120,불광2동,1112072,"POLYGON ((126.9430033488737 37.62291356600366, 126.94098261634377 37.61835613554227, 126.9323247902801 37.61748088472938, 126.92831229847738 37.618592664248546, 126.92342683103021 37.61607995544985, 126.92283914531096 37.61678916234788, 126.92167191441348 37.625174639626024, 126.92683017880206 37.6268225540009, 126.9430033488737 37.62291356600366))",1138053000,11380
은평구,11120,진관동,1112071,"POLYGON ((126.9738864128702 37.62949634786888, 126.97135221665513 37.62743418897386, 126.96164158910712 37.62569322976388, 126.95527697300784 37.6223770984941, 126.95023032142421 37.62465244309376, 126.9430033488737 37.62291356600366, 126.92683017880206 37.6268225540009, 126.92167191441348 37.625174639626024, 126.91756641166849 37.628328630212536, 126.91090548422312 37.62626155387304, 126.90862530043799 37.62973539928895, 126.91295124779275 37.633086577991136, 126.91455481429648 37.64150050996935, 126.92335892549015 37.642768849393626, 126.93099150738166 37.64717805899008, 126.93914008753828 37.64914400014214, 126.94248904852749 37.65384179343651, 126.94940373004215 37.656145979585894, 126.95334970767568 37.65216408903825, 126.956473797387 37.652480737339445, 126.96424221141602 37.64071627640099, 126.97092373342322 37.63589354812246, 126.9738864128702 37.62949634786888))",1138069000,11380
은평구,11120,수색동,1112068,"POLYGON ((126.88433284773288 37.588143322880526, 126.88935419108029 37.58580092310326, 126.89905466698256 37.58582731337662, 126.9019347597747 37.58707359614439, 126.90637343476672 37.58552743576882, 126.90344008190947 37.581748028149555, 126.90399744259184 37.57834885280969, 126.9002933918596 37.57546698933881, 126.88433284773288 37.588143322880526))",1138065000,11380
은평구,11120,증산동,1112067,"POLYGON ((126.91567447086332 37.585934532678884, 126.9152424555643 37.58424100958063, 126.90838837134714 37.57732436176021, 126.90522065831053 37.57409700522574, 126.9002933918596 37.57546698933881, 126.90399744259184 37.57834885280969, 126.90344008190947 37.581748028149555, 126.90637343476672 37.58552743576882, 126.91567447086332 37.585934532678884))",1138064000,11380
은평구,11120,신사2동,1112066,"POLYGON ((126.91657550646327 37.58950322545143, 126.91567447086332 37.585934532678884, 126.90637343476672 37.58552743576882, 126.9019347597747 37.58707359614439, 126.90351153070807 37.59547392167827, 126.9075291125802 37.59565097696243, 126.91657550646327 37.58950322545143))",1138063200,11380
은평구,11120,신사1동,1112065,"POLYGON ((126.90417801431465 37.60102912046836, 126.91241446068861 37.59920229135657, 126.91815424150336 37.59641937585287, 126.91778985102387 37.59428578844456, 126.91657550646327 37.58950322545143, 126.9075291125802 37.59565097696243, 126.90351153070807 37.59547392167827, 126.90417801431465 37.60102912046836))",1138063100,11380
은평구,11120,응암2동,1112060,"POLYGON ((126.93051448519475 37.58910147357643, 126.9302171100533 37.58559126746845, 126.92491504888254 37.58282829757469, 126.9247454299379 37.58599945711583, 126.91934578068954 37.58744341488351, 126.92119069843343 37.59320942013754, 126.92842772737141 37.592827866011326, 126.93051448519475 37.58910147357643))",1138059000,11380
은평구,11120,응암1동,1112059,"POLYGON ((126.91815424150336 37.59641937585287, 126.92272661522195 37.598941109233216, 126.93793804742218 37.59792744479741, 126.94069194338766 37.59480468811755, 126.93575441237547 37.593605788596975, 126.93051448519475 37.58910147357643, 126.92842772737141 37.592827866011326, 126.92119069843343 37.59320942013754, 126.91778985102387 37.59428578844456, 126.91815424150336 37.59641937585287))",1138058000,11380
은평구,11120,대조동,1112058,"POLYGON ((126.92283914531096 37.61678916234788, 126.92342683103021 37.61607995544985, 126.93345746940614 37.60600764285122, 126.92916958466515 37.60634407599123, 126.92498193088153 37.60352915176727, 126.91938204403002 37.608508047046755, 126.9222109406308 37.615672797586306, 126.92283914531096 37.61678916234788))",1138057000,11380
은평구,11120,구산동,1112057,"POLYGON ((126.9073390322534 37.61670864054819, 126.91224219623759 37.61152197846355, 126.91938204403002 37.608508047046755, 126.91734288946908 37.60463642201932, 126.9115683361278 37.60260436897122, 126.90380863795977 37.60293939623126, 126.90303066177668 37.609977911401344, 126.9073390322534 37.61670864054819))",1138056000,11380
은평구,11120,갈현2동,1112056,"POLYGON ((126.9073390322534 37.61670864054819, 126.91003200416795 37.62260416121027, 126.9222109406308 37.615672797586306, 126.91938204403002 37.608508047046755, 126.91224219623759 37.61152197846355, 126.9073390322534 37.61670864054819))",1138055200,11380
은평구,11120,갈현1동,1112055,"POLYGON ((126.91090548422312 37.62626155387304, 126.91756641166849 37.628328630212536, 126.92167191441348 37.625174639626024, 126.92283914531096 37.61678916234788, 126.9222109406308 37.615672797586306, 126.91003200416795 37.62260416121027, 126.91090548422312 37.62626155387304))",1138055100,11380
은평구,11120,불광1동,1112052,"POLYGON ((126.9430033488737 37.62291356600366, 126.95023032142421 37.62465244309376, 126.95527697300784 37.6223770984941, 126.95145384404022 37.61493028446385, 126.9520814366425 37.60691371095613, 126.94354071073072 37.608060299223546, 126.93345746940614 37.60600764285122, 126.92342683103021 37.61607995544985, 126.92831229847738 37.618592664248546, 126.9323247902801 37.61748088472938, 126.94098261634377 37.61835613554227, 126.9430033488737 37.62291356600366))",1138052000,11380
은평구,11120,녹번동,1112051,"POLYGON ((126.93345746940614 37.60600764285122, 126.94354071073072 37.608060299223546, 126.9520814366425 37.60691371095613, 126.9524752030572 37.60508692737045, 126.94451473597087 37.60203195380752, 126.94069194338766 37.59480468811755, 126.93793804742218 37.59792744479741, 126.92272661522195 37.598941109233216, 126.92498193088153 37.60352915176727, 126.92916958466515 37.60634407599123, 126.93345746940614 37.60600764285122))",1138051000,11380
노원구,11110,공릉1동,1111079,"POLYGON ((127.07341234876074 37.62829475896258, 127.07786886958355 37.62516609798437, 127.08117841748847 37.617729725645276, 127.08374746408333 37.616459716952704, 127.07795900851046 37.61428713987838, 127.07351243825278 37.61283660342313, 127.07329632342767 37.61357731187506, 127.07146746390492 37.62186386008925, 127.06650095845498 37.62799344544476, 127.07240677836624 37.62861355053147, 127.07341234876074 37.62829475896258))",1135059500,11350
노원구,11110,중계2·3동,1111078,"POLYGON ((127.07287601877485 37.642517808446804, 127.06908870220354 37.63594688887072, 127.06223662538795 37.63674207824422, 127.06321133611159 37.641861414507105, 127.07070907706651 37.6476963431719, 127.07287601877485 37.642517808446804))",1135062500,11350
노원구,11110,상계6·7동,1111077,"POLYGON ((127.06234368127393 37.65288713116115, 127.06912399561949 37.652966305850484, 127.07070907706651 37.6476963431719, 127.06321133611159 37.641861414507105, 127.06223662538795 37.63674207824422, 127.06098678821363 37.6348431073974, 127.05704472959141 37.63797342537787, 127.05800075220091 37.64318263878276, 127.05628970391643 37.651706234051574, 127.06234368127393 37.65288713116115))",1135069500,11350
노원구,11110,상계3·4동,1111076,"POLYGON ((127.08703720912473 37.68806053885742, 127.09706391309695 37.686383719372294, 127.09839746601683 37.682954904948026, 127.0939394572467 37.676403111386776, 127.0980220884148 37.66742967749355, 127.09607218281296 37.659784466941865, 127.0912349114808 37.66075262373265, 127.07796992830718 37.6598044171969, 127.07652050632196 37.65870714192685, 127.072227609645 37.665167372802884, 127.06866922520145 37.67101373830339, 127.07343171221208 37.671986682766025, 127.07807670357634 37.68155745757756, 127.08128735909389 37.68569524036654, 127.08703720912473 37.68806053885742))",1135066500,11350
노원구,11110,상계10동,1111074,"POLYGON ((127.06779439145689 37.65861004978925, 127.06234368127393 37.65288713116115, 127.05628970391643 37.651706234051574, 127.0536592668348 37.65787105625379, 127.05357858265091 37.659019121000924, 127.06013382790833 37.66095372142604, 127.0655500360393 37.6620046665441, 127.06779439145689 37.65861004978925))",1135072000,11350
노원구,11110,상계9동,1111073,"POLYGON ((127.05834586631993 37.667734619526925, 127.06866922520145 37.67101373830339, 127.072227609645 37.665167372802884, 127.0688299231325 37.665055841695526, 127.06783101142037 37.65876799990485, 127.06779439145689 37.65861004978925, 127.0655500360393 37.6620046665441, 127.06013382790833 37.66095372142604, 127.05834586631993 37.667734619526925))",1135071000,11350
노원구,11110,상계8동,1111072,"POLYGON ((127.05104079023467 37.66841814078519, 127.05834586631993 37.667734619526925, 127.06013382790833 37.66095372142604, 127.05357858265091 37.659019121000924, 127.05093085431419 37.666308257661356, 127.05104079023467 37.66841814078519))",1135070000,11350
노원구,11110,상계5동,1111069,"POLYGON ((127.06783101142037 37.65876799990485, 127.0688299231325 37.665055841695526, 127.072227609645 37.665167372802884, 127.07652050632196 37.65870714192685, 127.07371794490287 37.65557254194616, 127.06783101142037 37.65876799990485))",1135067000,11350
노원구,11110,상계2동,1111066,"POLYGON ((127.06783101142037 37.65876799990485, 127.07371794490287 37.65557254194616, 127.07423943135986 37.652375368786515, 127.07070907706651 37.6476963431719, 127.06912399561949 37.652966305850484, 127.06234368127393 37.65288713116115, 127.06779439145689 37.65861004978925, 127.06783101142037 37.65876799990485))",1135064000,11350
노원구,11110,상계1동,1111065,"POLYGON ((127.08703720912473 37.68806053885742, 127.08128735909389 37.68569524036654, 127.07807670357634 37.68155745757756, 127.07343171221208 37.671986682766025, 127.06866922520145 37.67101373830339, 127.05834586631993 37.667734619526925, 127.05104079023467 37.66841814078519, 127.05402878877452 37.682018621183914, 127.05288479710485 37.68423857084347, 127.05673771202906 37.68650223136443, 127.06722106517597 37.68706409219909, 127.07150256171397 37.69158365999211, 127.0838752703195 37.69359534202034, 127.08703720912473 37.68806053885742))",1135063000,11350
노원구,11110,중계4동,1111064,"POLYGON ((127.09607218281296 37.659784466941865, 127.0978618070161 37.656734861475485, 127.08814546598218 37.65312586091172, 127.08028381995645 37.650645991531356, 127.07423943135986 37.652375368786515, 127.07371794490287 37.65557254194616, 127.07652050632196 37.65870714192685, 127.07796992830718 37.6598044171969, 127.0912349114808 37.66075262373265, 127.09607218281296 37.659784466941865))",1135062400,11350
노원구,11110,중계1동,1111061,"POLYGON ((127.07423943135986 37.652375368786515, 127.08028381995645 37.650645991531356, 127.07860693627484 37.643208664885236, 127.07287601877485 37.642517808446804, 127.07070907706651 37.6476963431719, 127.07423943135986 37.652375368786515))",1135062100,11350
노원구,11110,중계본동,1111060,"POLYGON ((127.08028381995645 37.650645991531356, 127.08814546598218 37.65312586091172, 127.09496093471334 37.65209266377008, 127.09440766298717 37.64713490473045, 127.09656377057604 37.64297106712184, 127.09624516503061 37.63980120522243, 127.08516764454826 37.63728360717358, 127.07860693627484 37.643208664885236, 127.08028381995645 37.650645991531356))",1135061900,11350
노원구,11110,하계2동,1111059,"POLYGON ((127.06223662538795 37.63674207824422, 127.06908870220354 37.63594688887072, 127.07240677836624 37.62861355053147, 127.06650095845498 37.62799344544476, 127.0616960509394 37.6337583602366, 127.06098678821363 37.6348431073974, 127.06223662538795 37.63674207824422))",1135061200,11350
노원구,11110,하계1동,1111058,"POLYGON ((127.07287601877485 37.642517808446804, 127.07860693627484 37.643208664885236, 127.08516764454826 37.63728360717358, 127.07871464396779 37.627929629758924, 127.07341234876074 37.62829475896258, 127.07240677836624 37.62861355053147, 127.06908870220354 37.63594688887072, 127.07287601877485 37.642517808446804))",1135061100,11350
노원구,11110,공릉2동,1111056,"POLYGON ((127.09656377057604 37.64297106712184, 127.11014084969742 37.641850613893396, 127.11406637789241 37.63742154695932, 127.11309628774731 37.627803407908374, 127.10737639048635 37.62412346388371, 127.10782277688129 37.61804244241069, 127.09825969127313 37.61431077622918, 127.091653941375 37.61685276458648, 127.08374746408333 37.616459716952704, 127.08117841748847 37.617729725645276, 127.07786886958355 37.62516609798437, 127.07341234876074 37.62829475896258, 127.07871464396779 37.627929629758924, 127.08516764454826 37.63728360717358, 127.09624516503061 37.63980120522243, 127.09656377057604 37.64297106712184))",1135060000,11350
노원구,11110,월계3동,1111053,"POLYGON ((127.0616960509394 37.6337583602366, 127.06650095845498 37.62799344544476, 127.07146746390492 37.62186386008925, 127.07329632342767 37.61357731187506, 127.06818602666038 37.61154830286642, 127.06115112319516 37.62741022271766, 127.0616960509394 37.6337583602366))",1135058000,11350
노원구,11110,월계2동,1111052,"POLYGON ((127.05704472959141 37.63797342537787, 127.06098678821363 37.6348431073974, 127.0616960509394 37.6337583602366, 127.06115112319516 37.62741022271766, 127.05209373568619 37.62164065487782, 127.04407361234986 37.62819939002575, 127.04358800895609 37.62848931298715, 127.04846196024069 37.63636777731178, 127.05335535234006 37.64240809837446, 127.05704472959141 37.63797342537787))",1135057000,11350
노원구,11110,월계1동,1111051,"POLYGON ((127.05209373568619 37.62164065487782, 127.06115112319516 37.62741022271766, 127.06818602666038 37.61154830286642, 127.06500114376745 37.6115522747693, 127.06024052127316 37.61429426489421, 127.05209373568619 37.62164065487782))",1135056000,11350
도봉구,11100,도봉2동,1110065,"POLYGON ((127.04719303998868 37.68965911661062, 127.05108189294938 37.69116379209157, 127.05288479710485 37.68423857084347, 127.05402878877452 37.682018621183914, 127.05104079023467 37.66841814078519, 127.05093085431419 37.666308257661356, 127.04575466419537 37.66703111388364, 127.04816011756132 37.68219335038291, 127.04719303998868 37.68965911661062))",1132052200,11320
도봉구,11100,도봉1동,1110064,"POLYGON ((127.04719303998868 37.68965911661062, 127.04816011756132 37.68219335038291, 127.04575466419537 37.66703111388364, 127.04171022937784 37.667178657712434, 127.03303302747335 37.672121628519136, 127.02490280404695 37.668838157383284, 127.02754493410742 37.66664266762026, 127.0205452057109 37.66729382482935, 127.01039666042071 37.681894589603594, 127.0109997247323 37.691942369792514, 127.01802453368332 37.698275937456124, 127.02419558273166 37.69682256792619, 127.03018866626446 37.69776745888886, 127.03328657751797 37.69010729962784, 127.0379422140845 37.68943836856245, 127.04383030416193 37.692565730249534, 127.04719303998868 37.68965911661062))",1132052100,11320
도봉구,11100,창5동,1110063,"POLYGON ((127.04669165538526 37.65924855674416, 127.05040486319272 37.648874855897986, 127.03843794022315 37.64858621776448, 127.0443287768366 37.65892276960071, 127.04669165538526 37.65924855674416))",1132051500,11320
도봉구,11100,창4동,1110062,"POLYGON ((127.0536592668348 37.65787105625379, 127.05628970391643 37.651706234051574, 127.05800075220091 37.64318263878276, 127.05704472959141 37.63797342537787, 127.05335535234006 37.64240809837446, 127.05040486319272 37.648874855897986, 127.04669165538526 37.65924855674416, 127.0536592668348 37.65787105625379))",1132051400,11320
도봉구,11100,창3동,1110061,"POLYGON ((127.04846196024069 37.63636777731178, 127.04358800895609 37.62848931298715, 127.04058571489718 37.6311245692538, 127.03854629095046 37.63409821149277, 127.04575925440021 37.641130441836495, 127.04846196024069 37.63636777731178))",1132051300,11320
도봉구,11100,창2동,1110060,"POLYGON ((127.04575925440021 37.641130441836495, 127.03854629095046 37.63409821149277, 127.03293898113425 37.64006831203042, 127.03557374085779 37.64371727065583, 127.04188649306384 37.643871634119165, 127.04575925440021 37.641130441836495))",1132051200,11320
도봉구,11100,창1동,1110059,"POLYGON ((127.03843794022315 37.64858621776448, 127.05040486319272 37.648874855897986, 127.05335535234006 37.64240809837446, 127.04846196024069 37.63636777731178, 127.04575925440021 37.641130441836495, 127.04188649306384 37.643871634119165, 127.03557374085779 37.64371727065583, 127.03843794022315 37.64858621776448))",1132051100,11320
도봉구,11100,방학3동,1110057,"POLYGON ((127.0205452057109 37.66729382482935, 127.02754493410742 37.66664266762026, 127.03683217057173 37.65975415677422, 127.03701675897624 37.65753857724258, 127.03589138115106 37.65729645100878, 127.0298786932802 37.65602295360186, 127.02757047296275 37.65123028152522, 127.02313577869705 37.65172165104524, 127.01844013645633 37.65879020067972, 127.01776269066357 37.66391319760785, 127.0205452057109 37.66729382482935))",1132071000,11320
도봉구,11100,방학2동,1110056,"POLYGON ((127.02754493410742 37.66664266762026, 127.02490280404695 37.668838157383284, 127.03303302747335 37.672121628519136, 127.04171022937784 37.667178657712434, 127.03683217057173 37.65975415677422, 127.02754493410742 37.66664266762026))",1132070000,11320
도봉구,11100,방학1동,1110055,"POLYGON ((127.04171022937784 37.667178657712434, 127.04575466419537 37.66703111388364, 127.05093085431419 37.666308257661356, 127.05357858265091 37.659019121000924, 127.0536592668348 37.65787105625379, 127.04669165538526 37.65924855674416, 127.0443287768366 37.65892276960071, 127.03701675897624 37.65753857724258, 127.03683217057173 37.65975415677422, 127.04171022937784 37.667178657712434))",1132069000,11320
도봉구,11100,쌍문4동,1110054,"POLYGON ((127.02757047296275 37.65123028152522, 127.0298786932802 37.65602295360186, 127.03589138115106 37.65729645100878, 127.0354010011953 37.64835675522081, 127.03077866095782 37.64792485693203, 127.02757047296275 37.65123028152522))",1132068100,11320
도봉구,11100,쌍문3동,1110053,"POLYGON ((127.03843794022315 37.64858621776448, 127.03557374085779 37.64371727065583, 127.03293898113425 37.64006831203042, 127.02725709482806 37.64381361333986, 127.03077866095782 37.64792485693203, 127.0354010011953 37.64835675522081, 127.03843794022315 37.64858621776448))",1132068000,11320
도봉구,11100,쌍문2동,1110052,"POLYGON ((127.03701675897624 37.65753857724258, 127.0443287768366 37.65892276960071, 127.03843794022315 37.64858621776448, 127.0354010011953 37.64835675522081, 127.03589138115106 37.65729645100878, 127.03701675897624 37.65753857724258))",1132067000,11320
도봉구,11100,쌍문1동,1110051,"POLYGON ((127.01844013645633 37.65879020067972, 127.02313577869705 37.65172165104524, 127.02757047296275 37.65123028152522, 127.03077866095782 37.64792485693203, 127.02725709482806 37.64381361333986, 127.01772305897457 37.64631597694605, 127.01465935892466 37.64943687496812, 127.01599412132472 37.65623256113309, 127.01844013645633 37.65879020067972))",1132066000,11320
강북구,11090,인수동,1109075,"POLYGON ((127.0190193649627 37.63802558144527, 127.02155304234539 37.632724312108834, 127.02568810689789 37.633301122999335, 127.02535997458978 37.631861988551314, 127.00246877070603 37.62931209234943, 126.99529660787617 37.62923863577322, 126.98672705513869 37.63377641288196, 126.98846940137632 37.63786304475397, 126.998611443716 37.63605858769528, 127.00667685126798 37.641572377740225, 127.0180289473666 37.64151909192283, 127.0190193649627 37.63802558144527))",1130566000,11305
강북구,11090,우이동,1109074,"POLYGON ((127.01039666042071 37.681894589603594, 127.0205452057109 37.66729382482935, 127.01776269066357 37.66391319760785, 127.01844013645633 37.65879020067972, 127.01599412132472 37.65623256113309, 127.01465935892466 37.64943687496812, 127.01772305897457 37.64631597694605, 127.0180289473666 37.64151909192283, 127.00667685126798 37.641572377740225, 126.998611443716 37.63605858769528, 126.98846940137632 37.63786304475397, 126.98537069512379 37.64080296617396, 126.98580395043626 37.64699767714015, 126.9817452676551 37.65209769387776, 126.99031779354014 37.661013121145366, 126.99494735642686 37.66223870806347, 126.99622950422442 37.669428820661516, 126.99506026831365 37.674827885285765, 127.00000021675876 37.68100582640454, 127.01039666042071 37.681894589603594))",1130564500,11305
강북구,11090,삼각산동,1109073,"POLYGON ((127.02319247089986 37.61667743361918, 127.02413436592045 37.609495618120114, 127.01735748848714 37.61201686736982, 127.01066046037364 37.6157727707909, 127.01473379503328 37.61748899873868, 127.02319247089986 37.61667743361918))",1130557500,11305
강북구,11090,송천동,1109072,"POLYGON ((127.02899997508099 37.62166660932778, 127.03191267761795 37.61433363522837, 127.03229982090541 37.609536104167034, 127.02433990415497 37.60847763545628, 127.02413436592045 37.609495618120114, 127.02319247089986 37.61667743361918, 127.02411006687917 37.62239070981324, 127.02899997508099 37.62166660932778))",1130555500,11305
강북구,11090,송중동,1109071,"POLYGON ((127.03469823957049 37.622718071113965, 127.03893167551664 37.61716476737777, 127.0412249700351 37.613517466723664, 127.03920958253596 37.60991939413521, 127.03251659844592 37.60634705009134, 127.03229982090541 37.609536104167034, 127.03191267761795 37.61433363522837, 127.02899997508099 37.62166660932778, 127.03469823957049 37.622718071113965))",1130554500,11305
강북구,11090,미아동,1109070,"POLYGON ((127.02959725336635 37.63217423167186, 127.03469823957049 37.622718071113965, 127.02899997508099 37.62166660932778, 127.02411006687917 37.62239070981324, 127.02469323766687 37.62754705364478, 127.02535997458978 37.631861988551314, 127.02959725336635 37.63217423167186))",1130553500,11305
강북구,11090,삼양동,1109069,"POLYGON ((127.02469323766687 37.62754705364478, 127.02411006687917 37.62239070981324, 127.02319247089986 37.61667743361918, 127.01473379503328 37.61748899873868, 127.01066046037364 37.6157727707909, 127.00997935126598 37.62111906051553, 127.00660485894835 37.62164803868, 127.01766679213826 37.624173867240835, 127.02469323766687 37.62754705364478))",1130553400,11305
강북구,11090,수유3동,1109065,"POLYGON ((127.02725709482806 37.64381361333986, 127.03293898113425 37.64006831203042, 127.02568810689789 37.633301122999335, 127.02155304234539 37.632724312108834, 127.0190193649627 37.63802558144527, 127.02292844025527 37.63863321226575, 127.02725709482806 37.64381361333986))",1130563500,11305
강북구,11090,수유2동,1109064,"POLYGON ((127.01772305897457 37.64631597694605, 127.02725709482806 37.64381361333986, 127.02292844025527 37.63863321226575, 127.0190193649627 37.63802558144527, 127.0180289473666 37.64151909192283, 127.01772305897457 37.64631597694605))",1130562500,11305
강북구,11090,수유1동,1109063,"POLYGON ((126.99529660787617 37.62923863577322, 127.00246877070603 37.62931209234943, 127.02535997458978 37.631861988551314, 127.02469323766687 37.62754705364478, 127.01766679213826 37.624173867240835, 127.00660485894835 37.62164803868, 127.00210238658002 37.622984514557714, 126.99529660787617 37.62923863577322))",1130561500,11305
강북구,11090,번3동,1109062,"POLYGON ((127.04407361234986 37.62819939002575, 127.05209373568619 37.62164065487782, 127.04683575271793 37.61675829008634, 127.0412249700351 37.613517466723664, 127.03893167551664 37.61716476737777, 127.03900271686057 37.6238842988685, 127.04407361234986 37.62819939002575))",1130560800,11305
강북구,11090,번2동,1109061,"POLYGON ((127.04058571489718 37.6311245692538, 127.04358800895609 37.62848931298715, 127.04407361234986 37.62819939002575, 127.03900271686057 37.6238842988685, 127.03893167551664 37.61716476737777, 127.03469823957049 37.622718071113965, 127.02959725336635 37.63217423167186, 127.03591782126082 37.63262176495672, 127.04058571489718 37.6311245692538))",1130560300,11305
강북구,11090,번1동,1109060,"POLYGON ((127.03293898113425 37.64006831203042, 127.03854629095046 37.63409821149277, 127.04058571489718 37.6311245692538, 127.03591782126082 37.63262176495672, 127.02959725336635 37.63217423167186, 127.02535997458978 37.631861988551314, 127.02568810689789 37.633301122999335, 127.03293898113425 37.64006831203042))",1130559500,11305
성북구,11080,석관동,1108085,"POLYGON ((127.07329632342767 37.61357731187506, 127.07351243825278 37.61283660342313, 127.07382707099227 37.60401928986419, 127.06424828533608 37.60234356864383, 127.0628815614738 37.60077666159543, 127.05413734593897 37.5971595374718, 127.05343473545744 37.59883361049742, 127.05387677262006 37.605313361442136, 127.06277641433887 37.61000834459905, 127.06500114376745 37.6115522747693, 127.06818602666038 37.61154830286642, 127.07329632342767 37.61357731187506))",1129081000,11290
성북구,11080,종암동,1108084,"POLYGON ((127.03232520939005 37.60120583524659, 127.03428095093255 37.60066242629935, 127.04062878289457 37.59970147258202, 127.04286019687521 37.5930067820459, 127.04116895171082 37.58847599306138, 127.03845656148546 37.5884495272383, 127.0323343432193 37.5884582529206, 127.0270980695135 37.59133532421327, 127.02922491596618 37.5979606821986, 127.03232520939005 37.60120583524659))",1129070500,11290
성북구,11080,동선동,1108083,"POLYGON ((127.02182695978954 37.594495165459755, 127.0270980695135 37.59133532421327, 127.02421817601255 37.58627908095876, 127.0210684537201 37.58603406117568, 127.01536535864652 37.58901149350673, 127.01364852584956 37.591172304463434, 127.02182695978954 37.594495165459755))",1129057500,11290
성북구,11080,삼선동,1108082,"POLYGON ((127.01536535864652 37.58901149350673, 127.0210684537201 37.58603406117568, 127.02087981260017 37.585880060101644, 127.01684149612828 37.57941162549592, 127.01258353135525 37.57754031784007, 127.01094467951529 37.57765758282494, 127.00943572616534 37.58040853645499, 127.00629784959712 37.585156286264116, 127.01536535864652 37.58901149350673))",1129055500,11290
성북구,11080,성북동,1108081,"POLYGON ((126.98984276495587 37.59842301677683, 126.9973542692804 37.59990983918717, 127.0016620182246 37.598814859857946, 127.008023642711 37.59388270658048, 127.01364852584956 37.591172304463434, 127.01536535864652 37.58901149350673, 127.00629784959712 37.585156286264116, 127.00304474231643 37.58959898679736, 126.99123748658741 37.58851316269216, 126.99117660799685 37.58860073125721, 126.9847903853038 37.59227214297269, 126.98366752610544 37.596350797276386, 126.98984276495587 37.59842301677683))",1129052500,11290
성북구,11080,장위3동,1108078,"POLYGON ((127.05209373568619 37.62164065487782, 127.06024052127316 37.61429426489421, 127.06500114376745 37.6115522747693, 127.06277641433887 37.61000834459905, 127.06033297142798 37.6095393051227, 127.05249251884266 37.61467848429623, 127.04683575271793 37.61675829008634, 127.05209373568619 37.62164065487782))",1129078000,11290
성북구,11080,장위2동,1108077,"POLYGON ((127.05249251884266 37.61467848429623, 127.06033297142798 37.6095393051227, 127.06277641433887 37.61000834459905, 127.05387677262006 37.605313361442136, 127.04754252781963 37.60849591736152, 127.05249251884266 37.61467848429623))",1129077000,11290
성북구,11080,장위1동,1108076,"POLYGON ((127.04683575271793 37.61675829008634, 127.05249251884266 37.61467848429623, 127.04754252781963 37.60849591736152, 127.04570537771365 37.60863542170709, 127.03920958253596 37.60991939413521, 127.0412249700351 37.613517466723664, 127.04683575271793 37.61675829008634))",1129076000,11290
성북구,11080,월곡2동,1108072,"POLYGON ((127.04570537771365 37.60863542170709, 127.04754252781963 37.60849591736152, 127.05387677262006 37.605313361442136, 127.05343473545744 37.59883361049742, 127.04975439355248 37.59349421284317, 127.04286019687521 37.5930067820459, 127.04062878289457 37.59970147258202, 127.04570537771365 37.60863542170709))",1129072500,11290
성북구,11080,월곡1동,1108071,"POLYGON ((127.04570537771365 37.60863542170709, 127.04062878289457 37.59970147258202, 127.03428095093255 37.60066242629935, 127.03251659844592 37.60634705009134, 127.03920958253596 37.60991939413521, 127.04570537771365 37.60863542170709))",1129071500,11290
성북구,11080,길음2동,1108068,"POLYGON ((127.02433990415497 37.60847763545628, 127.03229982090541 37.609536104167034, 127.03251659844592 37.60634705009134, 127.03428095093255 37.60066242629935, 127.03232520939005 37.60120583524659, 127.02807163225042 37.6003865485277, 127.02433990415497 37.60847763545628))",1129068500,11290
성북구,11080,길음1동,1108066,"POLYGON ((127.01735748848714 37.61201686736982, 127.02413436592045 37.609495618120114, 127.02433990415497 37.60847763545628, 127.02807163225042 37.6003865485277, 127.02374395802002 37.59877360140283, 127.01887845075028 37.60339271386187, 127.01653674424489 37.61078050680436, 127.01735748848714 37.61201686736982))",1129066000,11290
성북구,11080,정릉4동,1108065,"POLYGON ((126.98672705513869 37.63377641288196, 126.99529660787617 37.62923863577322, 127.00210238658002 37.622984514557714, 127.00660485894835 37.62164803868, 127.00997935126598 37.62111906051553, 127.01066046037364 37.6157727707909, 127.01735748848714 37.61201686736982, 127.01653674424489 37.61078050680436, 127.01551980846597 37.608822447950246, 127.01110221863728 37.605868964913036, 127.0078583728935 37.61246875545504, 127.00181150699233 37.613840475858666, 126.9955711250445 37.61174607516975, 126.99302479013315 37.617193512282114, 126.98223676048528 37.62556375098308, 126.977175406416 37.62859715400388, 126.98672705513869 37.63377641288196))",1129065000,11290
성북구,11080,정릉3동,1108064,"POLYGON ((126.98223676048528 37.62556375098308, 126.99302479013315 37.617193512282114, 126.9955711250445 37.61174607516975, 127.00181150699233 37.613840475858666, 127.0078583728935 37.61246875545504, 127.01110221863728 37.605868964913036, 127.00117074677583 37.600483836446095, 127.0016620182246 37.598814859857946, 126.9973542692804 37.59990983918717, 126.98984276495587 37.59842301677683, 126.9880021251863 37.60434406739665, 126.98879865992384 37.6118927319756, 126.9849070918475 37.61390303132951, 126.98130955822086 37.621781567952816, 126.98223676048528 37.62556375098308))",1129064000,11290
성북구,11080,정릉2동,1108063,"POLYGON ((127.01110221863728 37.605868964913036, 127.01551980846597 37.608822447950246, 127.01753378182573 37.60666636673315, 127.01618545764845 37.59802031563493, 127.00882713841237 37.59593799447127, 127.008023642711 37.59388270658048, 127.0016620182246 37.598814859857946, 127.00117074677583 37.600483836446095, 127.01110221863728 37.605868964913036))",1129063000,11290
성북구,11080,정릉1동,1108062,"POLYGON ((127.01551980846597 37.608822447950246, 127.01653674424489 37.61078050680436, 127.01887845075028 37.60339271386187, 127.02374395802002 37.59877360140283, 127.02088748088285 37.59568334070134, 127.01618545764845 37.59802031563493, 127.01753378182573 37.60666636673315, 127.01551980846597 37.608822447950246))",1129062000,11290
성북구,11080,보문동,1108061,"POLYGON ((127.02087981260017 37.585880060101644, 127.02657685123695 37.5764018387087, 127.02527254528003 37.57524616245249, 127.02085590231617 37.57473132414639, 127.01705430596368 37.579335852239, 127.01684149612828 37.57941162549592, 127.02087981260017 37.585880060101644))",1129061000,11290
성북구,11080,안암동,1108060,"POLYGON ((127.03845656148546 37.5884495272383, 127.0316042281049 37.5799299005783, 127.02657685123695 37.5764018387087, 127.02087981260017 37.585880060101644, 127.0210684537201 37.58603406117568, 127.02421817601255 37.58627908095876, 127.0270980695135 37.59133532421327, 127.0323343432193 37.5884582529206, 127.03845656148546 37.5884495272383))",1129060000,11290
성북구,11080,돈암2동,1108059,"POLYGON ((127.01618545764845 37.59802031563493, 127.02088748088285 37.59568334070134, 127.02182695978954 37.594495165459755, 127.01364852584956 37.591172304463434, 127.008023642711 37.59388270658048, 127.00882713841237 37.59593799447127, 127.01618545764845 37.59802031563493))",1129059000,11290
성북구,11080,돈암1동,1108058,"POLYGON ((127.02807163225042 37.6003865485277, 127.03232520939005 37.60120583524659, 127.02922491596618 37.5979606821986, 127.0270980695135 37.59133532421327, 127.02182695978954 37.594495165459755, 127.02088748088285 37.59568334070134, 127.02374395802002 37.59877360140283, 127.02807163225042 37.6003865485277))",1129058000,11290
중랑구,11070,망우본동,1107073,"POLYGON ((127.11872838945777 37.606029225940084, 127.1201246020114 37.60178457598188, 127.11594480655864 37.59717030173888, 127.12048134936907 37.59221917979044, 127.11451265714922 37.58906947664359, 127.11019525241198 37.59175393669418, 127.10220041504735 37.59284590043271, 127.0953100017627 37.591352029636056, 127.09490002571651 37.595370076084265, 127.09763057945996 37.59666942430381, 127.1025771261993 37.59775341313566, 127.10574783826328 37.604209513576784, 127.10345646491034 37.61041152193247, 127.11191730730447 37.60938634544993, 127.11872838945777 37.606029225940084))",1126065500,11260
중랑구,11070,면목3·8동,1107072,"POLYGON ((127.11225590204509 37.584621054888075, 127.11144053497418 37.58186897928644, 127.10355419751173 37.58101570870827, 127.10478999482444 37.57611694160377, 127.0979837791101 37.578175135500715, 127.08550009063178 37.57835151484804, 127.08563977296856 37.581640114306786, 127.09580924448062 37.58089703291957, 127.09573679760662 37.586951003021525, 127.09968017692832 37.58775994177751, 127.11225590204509 37.584621054888075))",1126057500,11260
중랑구,11070,면목본동,1107071,"POLYGON ((127.0953100017627 37.591352029636056, 127.09573679760662 37.586951003021525, 127.09580924448062 37.58089703291957, 127.08563977296856 37.581640114306786, 127.08619617736817 37.584817471778436, 127.08887861247231 37.589972029778394, 127.0953100017627 37.591352029636056))",1126056500,11260
중랑구,11070,신내2동,1107070,"POLYGON ((127.09260502911063 37.61469929792614, 127.09797743804702 37.61240549094097, 127.09791321907811 37.59781977306333, 127.09615818815477 37.60179384034977, 127.08860838439102 37.60659024721038, 127.0880894694869 37.60657034852635, 127.08681922676342 37.61200283390838, 127.09260502911063 37.61469929792614))",1126069000,11260
중랑구,11070,신내1동,1107069,"POLYGON ((127.10782277688129 37.61804244241069, 127.11345331993296 37.617863842655304, 127.11916337651404 37.615000227833356, 127.11872838945777 37.606029225940084, 127.11191730730447 37.60938634544993, 127.10345646491034 37.61041152193247, 127.10574783826328 37.604209513576784, 127.1025771261993 37.59775341313566, 127.09763057945996 37.59666942430381, 127.09791321907811 37.59781977306333, 127.09797743804702 37.61240549094097, 127.09260502911063 37.61469929792614, 127.091653941375 37.61685276458648, 127.09825969127313 37.61431077622918, 127.10782277688129 37.61804244241069))",1126068000,11260
중랑구,11070,망우3동,1107068,"POLYGON ((127.0953100017627 37.591352029636056, 127.10220041504735 37.59284590043271, 127.11019525241198 37.59175393669418, 127.11451265714922 37.58906947664359, 127.11225590204509 37.584621054888075, 127.09968017692832 37.58775994177751, 127.09573679760662 37.586951003021525, 127.0953100017627 37.591352029636056))",1126066000,11260
중랑구,11070,묵2동,1107065,"POLYGON ((127.07351243825278 37.61283660342313, 127.07795900851046 37.61428713987838, 127.08084523828036 37.602579600968504, 127.0744256410755 37.601863641909596, 127.07382707099227 37.60401928986419, 127.07351243825278 37.61283660342313))",1126063000,11260
중랑구,11070,묵1동,1107064,"POLYGON ((127.08374746408333 37.616459716952704, 127.091653941375 37.61685276458648, 127.09260502911063 37.61469929792614, 127.08681922676342 37.61200283390838, 127.0880894694869 37.60657034852635, 127.08084523828036 37.602579600968504, 127.07795900851046 37.61428713987838, 127.08374746408333 37.616459716952704))",1126062000,11260
중랑구,11070,중화2동,1107062,"POLYGON ((127.0744256410755 37.601863641909596, 127.08084523828036 37.602579600968504, 127.08243595725114 37.593078262452714, 127.08239114757247 37.59220620822518, 127.07246397371786 37.5896812631927, 127.07173509412549 37.5920890048537, 127.07193874749092 37.59495519086917, 127.0744256410755 37.601863641909596))",1126061000,11260
중랑구,11070,중화1동,1107061,"POLYGON ((127.0880894694869 37.60657034852635, 127.08860838439102 37.60659024721038, 127.08904059967855 37.599106408304934, 127.08520697982202 37.59363926091539, 127.08243595725114 37.593078262452714, 127.08084523828036 37.602579600968504, 127.0880894694869 37.60657034852635))",1126060000,11260
중랑구,11070,상봉2동,1107060,"POLYGON ((127.09490002571651 37.595370076084265, 127.0953100017627 37.591352029636056, 127.08887861247231 37.589972029778394, 127.0807634656385 37.590170833472925, 127.07282912068004 37.58811737671702, 127.07246397371786 37.5896812631927, 127.08239114757247 37.59220620822518, 127.09490002571651 37.595370076084265))",1126059000,11260
중랑구,11070,상봉1동,1107059,"POLYGON ((127.08860838439102 37.60659024721038, 127.09615818815477 37.60179384034977, 127.09791321907811 37.59781977306333, 127.09763057945996 37.59666942430381, 127.09490002571651 37.595370076084265, 127.08239114757247 37.59220620822518, 127.08243595725114 37.593078262452714, 127.08520697982202 37.59363926091539, 127.08904059967855 37.599106408304934, 127.08860838439102 37.60659024721038))",1126058000,11260
중랑구,11070,면목7동,1107057,"POLYGON ((127.08550009063178 37.57835151484804, 127.0979837791101 37.578175135500715, 127.10478999482444 37.57611694160377, 127.10304174249214 37.57076342290955, 127.09787642248835 37.56830743008188, 127.08973778447815 37.57410715221091, 127.081719830915 37.57458810391841, 127.08550009063178 37.57835151484804))",1126057000,11260
중랑구,11070,면목5동,1107055,"POLYGON ((127.07578483114818 37.582559527854045, 127.08619617736817 37.584817471778436, 127.08563977296856 37.581640114306786, 127.08550009063178 37.57835151484804, 127.081719830915 37.57458810391841, 127.08042766302056 37.573987481440504, 127.07933872415407 37.57818671127786, 127.07578483114818 37.582559527854045))",1126055000,11260
중랑구,11070,면목4동,1107054,"POLYGON ((127.081719830915 37.57458810391841, 127.08973778447815 37.57410715221091, 127.09787642248835 37.56830743008188, 127.09327554832984 37.566762290300666, 127.08825727537715 37.56802389364948, 127.08068541280403 37.56906425519017, 127.08042766302056 37.573987481440504, 127.081719830915 37.57458810391841))",1126054000,11260
중랑구,11070,면목2동,1107052,"POLYGON ((127.08887861247231 37.589972029778394, 127.08619617736817 37.584817471778436, 127.07578483114818 37.582559527854045, 127.07282912068004 37.58811737671702, 127.0807634656385 37.590170833472925, 127.08887861247231 37.589972029778394))",1126052000,11260
동대문구,11060,이문2동,1106090,"POLYGON ((127.07382707099227 37.60401928986419, 127.0744256410755 37.601863641909596, 127.07193874749092 37.59495519086917, 127.0628815614738 37.60077666159543, 127.06424828533608 37.60234356864383, 127.07382707099227 37.60401928986419))",1123075000,11230
동대문구,11060,이문1동,1106089,"POLYGON ((127.05413734593897 37.5971595374718, 127.0628815614738 37.60077666159543, 127.07193874749092 37.59495519086917, 127.07173509412549 37.5920890048537, 127.06507490373563 37.59236528080026, 127.05901044275821 37.58865358210131, 127.05775782083607 37.59476636661686, 127.05413734593897 37.5971595374718))",1123074000,11230
동대문구,11060,장안2동,1106088,"POLYGON ((127.07933872415407 37.57818671127786, 127.08042766302056 37.573987481440504, 127.08068541280403 37.56906425519017, 127.0684228229817 37.56996406124425, 127.06911909635922 37.573803448551864, 127.0707936405693 37.579484437264135, 127.07933872415407 37.57818671127786))",1123066000,11230
동대문구,11060,장안1동,1106087,"POLYGON ((127.0684228229817 37.56996406124425, 127.08068541280403 37.56906425519017, 127.07795735279421 37.563839686489466, 127.07421053024362 37.55724769712085, 127.05988210593183 37.56022176974732, 127.0631757290148 37.56267110706719, 127.0684228229817 37.56996406124425))",1123065000,11230
동대문구,11060,답십리2동,1106086,"POLYGON ((127.06911909635922 37.573803448551864, 127.0684228229817 37.56996406124425, 127.0631757290148 37.56267110706719, 127.05988210593183 37.56022176974732, 127.05894492301329 37.56096871780013, 127.05973990769257 37.572559763138784, 127.06911909635922 37.573803448551864))",1123061000,11230
동대문구,11060,답십리1동,1106085,"POLYGON ((127.04702233778299 37.57455886669521, 127.05633517557679 37.57077888193593, 127.05973990769257 37.572559763138784, 127.05894492301329 37.56096871780013, 127.05005601081567 37.567577612590846, 127.0442866611438 37.57022476304866, 127.04702233778299 37.57455886669521))",1123060000,11230
동대문구,11060,전농2동,1106084,"POLYGON ((127.0707936405693 37.579484437264135, 127.06911909635922 37.573803448551864, 127.05973990769257 37.572559763138784, 127.05702341042043 37.58146606884082, 127.06376829685053 37.58272290099787, 127.06616075207072 37.57893537504197, 127.0707936405693 37.579484437264135))",1123057000,11230
동대문구,11060,전농1동,1106083,"POLYGON ((127.05705659590105 37.585025639710786, 127.05702341042043 37.58146606884082, 127.05973990769257 37.572559763138784, 127.05633517557679 37.57077888193593, 127.04702233778299 37.57455886669521, 127.04461195215998 37.576550872603434, 127.04557720661113 37.576972632227275, 127.05493312484477 37.58448368857591, 127.05538305887863 37.58501372421775, 127.05705659590105 37.585025639710786))",1123056000,11230
동대문구,11060,제기동,1106082,"POLYGON ((127.03845656148546 37.5884495272383, 127.04116895171082 37.58847599306138, 127.04450443924118 37.583942384898855, 127.04557720661113 37.576972632227275, 127.04461195215998 37.576550872603434, 127.03492343355228 37.57532757071334, 127.0316042281049 37.5799299005783, 127.03845656148546 37.5884495272383))",1123054500,11230
동대문구,11060,용신동,1106081,"POLYGON ((127.02657685123695 37.5764018387087, 127.0316042281049 37.5799299005783, 127.03492343355228 37.57532757071334, 127.04461195215998 37.576550872603434, 127.04702233778299 37.57455886669521, 127.0442866611438 37.57022476304866, 127.03441607722651 37.56734769610815, 127.02547266349976 37.568943552237734, 127.02527254528003 37.57524616245249, 127.02657685123695 37.5764018387087))",1123053600,11230
동대문구,11060,청량리동,1106080,"POLYGON ((127.04286019687521 37.5930067820459, 127.04975439355248 37.59349421284317, 127.04917727799868 37.58590530182201, 127.05493312484477 37.58448368857591, 127.04557720661113 37.576972632227275, 127.04450443924118 37.583942384898855, 127.04116895171082 37.58847599306138, 127.04286019687521 37.5930067820459))",1123070500,11230
동대문구,11060,휘경2동,1106073,"POLYGON ((127.07282912068004 37.58811737671702, 127.07578483114818 37.582559527854045, 127.07933872415407 37.57818671127786, 127.0707936405693 37.579484437264135, 127.06616075207072 37.57893537504197, 127.06376829685053 37.58272290099787, 127.05702341042043 37.58146606884082, 127.05705659590105 37.585025639710786, 127.07246397371786 37.5896812631927, 127.07282912068004 37.58811737671702))",1123073000,11230
동대문구,11060,휘경1동,1106072,"POLYGON ((127.07246397371786 37.5896812631927, 127.05705659590105 37.585025639710786, 127.05538305887863 37.58501372421775, 127.05901044275821 37.58865358210131, 127.06507490373563 37.59236528080026, 127.07173509412549 37.5920890048537, 127.07246397371786 37.5896812631927))",1123072000,11230
동대문구,11060,회기동,1106071,"POLYGON ((127.05343473545744 37.59883361049742, 127.05413734593897 37.5971595374718, 127.05775782083607 37.59476636661686, 127.05901044275821 37.58865358210131, 127.05538305887863 37.58501372421775, 127.05493312484477 37.58448368857591, 127.04917727799868 37.58590530182201, 127.04975439355248 37.59349421284317, 127.05343473545744 37.59883361049742))",1123071000,11230
광진구,11050,자양4동,1105067,"POLYGON ((127.06605125785352 37.5393509643853, 127.07270933345733 37.537129673357605, 127.06737268086228 37.5228018732759, 127.05867359288398 37.52629974922568, 127.06493409473056 37.537386321334516, 127.06605125785352 37.5393509643853))",1121584700,11215
광진구,11050,자양3동,1105066,"POLYGON ((127.07724439259869 37.53591098760574, 127.07776931148864 37.53040382511751, 127.07468544977327 37.520974900073, 127.0690698130372 37.522279423505026, 127.06737268086228 37.5228018732759, 127.07270933345733 37.537129673357605, 127.07724439259869 37.53591098760574))",1121584000,11215
광진구,11050,자양2동,1105065,"POLYGON ((127.09116355628673 37.53509830107544, 127.09375769469686 37.53046356727952, 127.0943611414465 37.523984206117525, 127.09254802952158 37.5232002325931, 127.09062956245532 37.52268889181966, 127.07968915919895 37.52077294752823, 127.07468544977327 37.520974900073, 127.07776931148864 37.53040382511751, 127.0834887660822 37.52871247310837, 127.08565905357582 37.53382920607198, 127.09116355628673 37.53509830107544))",1121583000,11215
광진구,11050,자양1동,1105064,"POLYGON ((127.08351439257837 37.53921586912178, 127.08565905357582 37.53382920607198, 127.0834887660822 37.52871247310837, 127.07776931148864 37.53040382511751, 127.07724439259869 37.53591098760574, 127.08196908222716 37.53592678508834, 127.08351439257837 37.53921586912178))",1121582000,11215
광진구,11050,광장동,1105063,"POLYGON ((127.10635808708838 37.55707803777642, 127.11519584981606 37.557533180704915, 127.11600200349189 37.55053147511706, 127.11455679868533 37.54670798531544, 127.1116764203608 37.540669955324965, 127.10626975478488 37.53320246924532, 127.10531319401831 37.53186404698371, 127.0952894134726 37.54089426388693, 127.09907584809892 37.543103430714964, 127.10080290374093 37.54918947240214, 127.10635808708838 37.55707803777642))",1121581000,11215
광진구,11050,구의3동,1105062,"POLYGON ((127.0952894134726 37.54089426388693, 127.10531319401831 37.53186404698371, 127.101068120931 37.525151938900564, 127.10022841918634 37.52475699541064, 127.0943611414465 37.523984206117525, 127.09375769469686 37.53046356727952, 127.09116355628673 37.53509830107544, 127.09276437503212 37.54188601018513, 127.0952894134726 37.54089426388693))",1121587000,11215
광진구,11050,구의2동,1105061,"POLYGON ((127.10325742736646 37.5572251707506, 127.10635808708838 37.55707803777642, 127.10080290374093 37.54918947240214, 127.09907584809892 37.543103430714964, 127.0952894134726 37.54089426388693, 127.09276437503212 37.54188601018513, 127.0871744316638 37.542308297040805, 127.08748935667982 37.545753072880814, 127.09173858825993 37.54960016212115, 127.10325742736646 37.5572251707506))",1121586000,11215
광진구,11050,구의1동,1105060,"POLYGON ((127.0871744316638 37.542308297040805, 127.09276437503212 37.54188601018513, 127.09116355628673 37.53509830107544, 127.08565905357582 37.53382920607198, 127.08351439257837 37.53921586912178, 127.08372322058062 37.54249909522393, 127.0871744316638 37.542308297040805))",1121585000,11215
광진구,11050,능동,1105059,"POLYGON ((127.0907834600995 37.550493805405495, 127.09173858825993 37.54960016212115, 127.08748935667982 37.545753072880814, 127.0871744316638 37.542308297040805, 127.08372322058062 37.54249909522393, 127.07623600325184 37.54452300057405, 127.08160391171833 37.55436822887431, 127.0907834600995 37.550493805405495))",1121578000,11215
광진구,11050,중곡4동,1105058,"POLYGON ((127.10304174249214 37.57076342290955, 127.10545359063936 37.56685230388649, 127.10325742736646 37.5572251707506, 127.09173858825993 37.54960016212115, 127.0907834600995 37.550493805405495, 127.08902873496831 37.56070899678515, 127.08825727537715 37.56802389364948, 127.09327554832984 37.566762290300666, 127.09787642248835 37.56830743008188, 127.10304174249214 37.57076342290955))",1121577000,11215
광진구,11050,중곡3동,1105057,"POLYGON ((127.08068541280403 37.56906425519017, 127.08825727537715 37.56802389364948, 127.08902873496831 37.56070899678515, 127.08546846845833 37.56140876125592, 127.07795735279421 37.563839686489466, 127.08068541280403 37.56906425519017))",1121576000,11215
광진구,11050,중곡2동,1105056,"POLYGON ((127.08546846845833 37.56140876125592, 127.08902873496831 37.56070899678515, 127.0907834600995 37.550493805405495, 127.08160391171833 37.55436822887431, 127.08546846845833 37.56140876125592))",1121575000,11215
광진구,11050,중곡1동,1105055,"POLYGON ((127.07795735279421 37.563839686489466, 127.08546846845833 37.56140876125592, 127.08160391171833 37.55436822887431, 127.07580697427795 37.556641581290656, 127.07421053024362 37.55724769712085, 127.07795735279421 37.563839686489466))",1121574000,11215
광진구,11050,군자동,1105054,"POLYGON ((127.07580697427795 37.556641581290656, 127.08160391171833 37.55436822887431, 127.07623600325184 37.54452300057405, 127.06960722287567 37.5455119418482, 127.07580697427795 37.556641581290656))",1121573000,11215
광진구,11050,화양동,1105053,"POLYGON ((127.06960722287567 37.5455119418482, 127.07623600325184 37.54452300057405, 127.08372322058062 37.54249909522393, 127.08351439257837 37.53921586912178, 127.08196908222716 37.53592678508834, 127.07724439259869 37.53591098760574, 127.07270933345733 37.537129673357605, 127.06605125785352 37.5393509643853, 127.06960722287567 37.5455119418482))",1121571000,11215
성동구,11040,옥수동,1104073,"POLYGON ((127.01655715866544 37.5452982477022, 127.02244745427765 37.54217962737126, 127.02780424413358 37.53506389757521, 127.0236688023869 37.53273057382971, 127.02302831890559 37.53231899582663, 127.01689265453608 37.536101393926174, 127.01157414590769 37.53677688273679, 127.01070894177482 37.54118048964762, 127.01172101406588 37.545252245650516, 127.01531116335084 37.54714563110038, 127.01655715866544 37.5452982477022))",1120064500,11200
성동구,11040,금호2·3가동,1104072,"POLYGON ((127.01840977049235 37.55021321178888, 127.02156783719565 37.55454166901442, 127.02207967067358 37.55187096835009, 127.02734884974704 37.54931736181748, 127.02797164375131 37.54551348265755, 127.01655715866544 37.5452982477022, 127.01531116335084 37.54714563110038, 127.01840977049235 37.55021321178888))",1120061500,11200
성동구,11040,왕십리도선동,1104071,"POLYGON ((127.02547266349976 37.568943552237734, 127.03441607722651 37.56734769610815, 127.0386012834359 37.56324118303603, 127.03561589657578 37.55972046367032, 127.02881029425372 37.56219283885279, 127.02571971403893 37.56237200595601, 127.02547266349976 37.568943552237734))",1120053500,11200
성동구,11040,용답동,1104070,"POLYGON ((127.0442866611438 37.57022476304866, 127.05005601081567 37.567577612590846, 127.05894492301329 37.56096871780013, 127.05988210593183 37.56022176974732, 127.07421053024362 37.55724769712085, 127.07580697427795 37.556641581290656, 127.07048472134373 37.553610314163215, 127.06565110151223 37.54755283889861, 127.06197273100294 37.54687103065768, 127.05462330278465 37.54888983482399, 127.0514303790941 37.54983424269092, 127.05425686486751 37.55503405153282, 127.05033815789268 37.56258685480565, 127.0442866611438 37.57022476304866))",1120079000,11200
성동구,11040,송정동,1104069,"POLYGON ((127.05428937677937 37.548038727406755, 127.05462330278465 37.54888983482399, 127.06197273100294 37.54687103065768, 127.06565110151223 37.54755283889861, 127.07048472134373 37.553610314163215, 127.07580697427795 37.556641581290656, 127.06960722287567 37.5455119418482, 127.06215186148681 37.54552746400452, 127.05428937677937 37.548038727406755))",1120072000,11200
성동구,11040,성수2가3동,1104068,"POLYGON ((127.05428937677937 37.548038727406755, 127.06215186148681 37.54552746400452, 127.06960722287567 37.5455119418482, 127.06605125785352 37.5393509643853, 127.06493409473056 37.537386321334516, 127.05398956224661 37.54067380821677, 127.05169136196308 37.54137172191689, 127.05428937677937 37.548038727406755))",1120069000,11200
성동구,11040,성수2가1동,1104067,"POLYGON ((127.05398956224661 37.54067380821677, 127.06493409473056 37.537386321334516, 127.05867359288398 37.52629974922568, 127.05116490008963 37.52975116557232, 127.05398956224661 37.54067380821677))",1120067000,11200
성동구,11040,성수1가2동,1104066,"POLYGON ((127.0514303790941 37.54983424269092, 127.05462330278465 37.54888983482399, 127.05428937677937 37.548038727406755, 127.05169136196308 37.54137172191689, 127.0388246415285 37.544757700697616, 127.03332644039448 37.54376916686942, 127.04216745737875 37.548531944189286, 127.0419405164648 37.550116538648254, 127.0514303790941 37.54983424269092))",1120066000,11200
성동구,11040,성수1가1동,1104065,"POLYGON ((127.03332644039448 37.54376916686942, 127.0388246415285 37.544757700697616, 127.05169136196308 37.54137172191689, 127.05398956224661 37.54067380821677, 127.05116490008963 37.52975116557232, 127.04806779588436 37.52970198575087, 127.0319617044248 37.536064291470424, 127.03038815978167 37.5357278833247, 127.0325031932954 37.54347173295896, 127.03332644039448 37.54376916686942))",1120065000,11200
성동구,11040,금호4가동,1104062,"POLYGON ((127.03108080873425 37.54630461902222, 127.0325031932954 37.54347173295896, 127.03038815978167 37.5357278833247, 127.02780424413358 37.53506389757521, 127.02244745427765 37.54217962737126, 127.01655715866544 37.5452982477022, 127.02797164375131 37.54551348265755, 127.03108080873425 37.54630461902222))",1120062000,11200
성동구,11040,금호1가동,1104059,"POLYGON ((127.02641482968563 37.555100044382016, 127.03161527459466 37.551112677305646, 127.03108080873425 37.54630461902222, 127.02797164375131 37.54551348265755, 127.02734884974704 37.54931736181748, 127.02207967067358 37.55187096835009, 127.02156783719565 37.55454166901442, 127.02147485248447 37.55470134631616, 127.02496143707425 37.555070476260596, 127.02641482968563 37.555100044382016))",1120059000,11200
성동구,11040,응봉동,1104058,"POLYGON ((127.04112098106465 37.55105760610398, 127.0419405164648 37.550116538648254, 127.04216745737875 37.548531944189286, 127.03332644039448 37.54376916686942, 127.0325031932954 37.54347173295896, 127.03108080873425 37.54630461902222, 127.03161527459466 37.551112677305646, 127.03638536612797 37.552060104238336, 127.04112098106465 37.55105760610398))",1120058000,11200
성동구,11040,행당2동,1104057,"POLYGON ((127.03317021264617 37.557535964298836, 127.03638536612797 37.552060104238336, 127.03161527459466 37.551112677305646, 127.02641482968563 37.555100044382016, 127.03317021264617 37.557535964298836))",1120057000,11200
성동구,11040,행당1동,1104056,"POLYGON ((127.04093190825373 37.560051148719424, 127.04112098106465 37.55105760610398, 127.03638536612797 37.552060104238336, 127.03317021264617 37.557535964298836, 127.03561589657578 37.55972046367032, 127.0386012834359 37.56324118303603, 127.04093190825373 37.560051148719424))",1120056000,11200
성동구,11040,사근동,1104055,"POLYGON ((127.05033815789268 37.56258685480565, 127.05425686486751 37.55503405153282, 127.0514303790941 37.54983424269092, 127.0419405164648 37.550116538648254, 127.04112098106465 37.55105760610398, 127.04093190825373 37.560051148719424, 127.04764489976242 37.55956783638819, 127.05033815789268 37.56258685480565))",1120055000,11200
성동구,11040,마장동,1104054,"POLYGON ((127.03441607722651 37.56734769610815, 127.0442866611438 37.57022476304866, 127.05033815789268 37.56258685480565, 127.04764489976242 37.55956783638819, 127.04093190825373 37.560051148719424, 127.0386012834359 37.56324118303603, 127.03441607722651 37.56734769610815))",1120054000,11200
성동구,11040,왕십리2동,1104052,"POLYGON ((127.02881029425372 37.56219283885279, 127.03561589657578 37.55972046367032, 127.03317021264617 37.557535964298836, 127.02641482968563 37.555100044382016, 127.02496143707425 37.555070476260596, 127.02543927809438 37.55794684669695, 127.02881029425372 37.56219283885279))",1120052000,11200
용산구,11030,한남동,1103074,"POLYGON ((127.00632779182564 37.54757707053058, 127.0074082755433 37.54491317057445, 127.01070894177482 37.54118048964762, 127.01157414590769 37.53677688273679, 127.01689265453608 37.536101393926174, 127.02302831890559 37.53231899582663, 127.01397119667513 37.52503988289669, 127.01007476999547 37.52178749847865, 126.99996716589357 37.52980830326669, 126.99744332241838 37.536172215045184, 126.99990706509891 37.53845545714637, 126.99742220893982 37.544438365587226, 127.00062378484931 37.54713274618077, 127.00632779182564 37.54757707053058))",1117068500,11170
용산구,11030,한강로동,1103073,"POLYGON ((126.98112650784915 37.53189490993881, 126.9813429320376 37.529973640126684, 126.97833006747257 37.518989502488, 126.97461607587861 37.52015503253067, 126.96385724522324 37.51982475529225, 126.95669817008059 37.5256401745003, 126.95670404631879 37.52872559378977, 126.96368486873149 37.53034530674933, 126.971557072285 37.53151429772835, 126.9729493704166 37.53722902360234, 126.97716827775989 37.532572753308585, 126.98112650784915 37.53189490993881))",1117062500,11170
용산구,11030,원효로1동,1103072,"POLYGON ((126.9728136548803 37.53880140289079, 126.9729493704166 37.53722902360234, 126.971557072285 37.53151429772835, 126.96368486873149 37.53034530674933, 126.96274374347831 37.532736560144414, 126.96595699610633 37.53581485593386, 126.96698305906219 37.53867052292754, 126.9728136548803 37.53880140289079))",1117056000,11170
용산구,11030,청파동,1103071,"POLYGON ((126.97117219703938 37.551098958007174, 126.97299548177986 37.54573453854869, 126.9728136548803 37.53880140289079, 126.96698305906219 37.53867052292754, 126.9652717698598 37.545857357585284, 126.96448570553055 37.548705692021635, 126.97058832292036 37.55258588741529, 126.97117219703938 37.551098958007174))",1117055500,11170
용산구,11030,보광동,1103070,"POLYGON ((126.99996716589357 37.52980830326669, 127.01007476999547 37.52178749847865, 127.00652968936647 37.51745900392613, 127.00248921069708 37.5151468928724, 127.00250668856002 37.519311664130115, 126.99690027673734 37.52593374645253, 126.99996716589357 37.52980830326669))",1117070000,11170
용산구,11030,서빙고동,1103069,"POLYGON ((126.99343449428603 37.5266648176068, 126.99690027673734 37.52593374645253, 127.00250668856002 37.519311664130115, 127.00248921069708 37.5151468928724, 126.99804297072596 37.5129396612835, 126.99148001917875 37.50990503427709, 126.98458580602838 37.51070333105394, 126.98455968141693 37.51706763030828, 126.97833006747257 37.518989502488, 126.9813429320376 37.529973640126684, 126.98589933065477 37.5266186374336, 126.99343449428603 37.5266648176068))",1117069000,11170
용산구,11030,이태원2동,1103066,"POLYGON ((126.99742220893982 37.544438365587226, 126.99990706509891 37.53845545714637, 126.99744332241838 37.536172215045184, 126.98998701586638 37.53158420531923, 126.98906948354625 37.53610226009506, 126.99529566128926 37.54625705318063, 126.99742220893982 37.544438365587226))",1117066000,11170
용산구,11030,이태원1동,1103065,"POLYGON ((126.98998701586638 37.53158420531923, 126.99744332241838 37.536172215045184, 126.99996716589357 37.52980830326669, 126.99690027673734 37.52593374645253, 126.99343449428603 37.5266648176068, 126.98998701586638 37.53158420531923))",1117065000,11170
용산구,11030,이촌2동,1103064,"POLYGON ((126.95670404631879 37.52872559378977, 126.95669817008059 37.5256401745003, 126.96385724522324 37.51982475529225, 126.95929599173525 37.51261154384949, 126.95249990298159 37.51722500741813, 126.94843467030468 37.52453252611103, 126.95670404631879 37.52872559378977))",1117064000,11170
용산구,11030,이촌1동,1103063,"POLYGON ((126.96385724522324 37.51982475529225, 126.97461607587861 37.52015503253067, 126.97833006747257 37.518989502488, 126.98455968141693 37.51706763030828, 126.98458580602838 37.51070333105394, 126.98223807916081 37.509314966770326, 126.97769265152034 37.509493178459635, 126.96450013511185 37.51055517949577, 126.95929599173525 37.51261154384949, 126.96385724522324 37.51982475529225))",1117063000,11170
용산구,11030,용문동,1103059,"POLYGON ((126.95849894380981 37.53778540853926, 126.95860566778204 37.53790540710785, 126.96595699610633 37.53581485593386, 126.96274374347831 37.532736560144414, 126.95510588488571 37.53504756564974, 126.95849894380981 37.53778540853926))",1117059000,11170
용산구,11030,효창동,1103058,"POLYGON ((126.9652717698598 37.545857357585284, 126.96698305906219 37.53867052292754, 126.96595699610633 37.53581485593386, 126.95860566778204 37.53790540710785, 126.9605977865388 37.542661954880806, 126.9652717698598 37.545857357585284))",1117058000,11170
용산구,11030,원효로2동,1103057,"POLYGON ((126.95510588488571 37.53504756564974, 126.96274374347831 37.532736560144414, 126.96368486873149 37.53034530674933, 126.95670404631879 37.52872559378977, 126.94843467030468 37.52453252611103, 126.94566733083212 37.526617542453366, 126.94717864071288 37.53213495568077, 126.95510588488571 37.53504756564974))",1117057000,11170
용산구,11030,남영동,1103053,"POLYGON ((126.97875866879323 37.549910180619584, 126.97539142364758 37.54511533599536, 126.97720776497815 37.542706440030926, 126.97673544075194 37.537719331018046, 126.98112650784915 37.53189490993881, 126.97716827775989 37.532572753308585, 126.9729493704166 37.53722902360234, 126.9728136548803 37.53880140289079, 126.97299548177986 37.54573453854869, 126.97117219703938 37.551098958007174, 126.97875866879323 37.549910180619584))",1117053000,11170
용산구,11030,용산2가동,1103052,"POLYGON ((126.99446142398814 37.547294664265785, 126.99529566128926 37.54625705318063, 126.98906948354625 37.53610226009506, 126.98998701586638 37.53158420531923, 126.99343449428603 37.5266648176068, 126.98589933065477 37.5266186374336, 126.9813429320376 37.529973640126684, 126.98112650784915 37.53189490993881, 126.97673544075194 37.537719331018046, 126.97720776497815 37.542706440030926, 126.98590110659231 37.543729346662325, 126.9899124474417 37.54869376545355, 126.99446142398814 37.547294664265785))",1117052000,11170
용산구,11030,후암동,1103051,"POLYGON ((126.98752996903328 37.55094818807139, 126.9899124474417 37.54869376545355, 126.98590110659231 37.543729346662325, 126.97720776497815 37.542706440030926, 126.97539142364758 37.54511533599536, 126.97875866879323 37.549910180619584, 126.98752996903328 37.55094818807139))",1117051000,11170
중구,11020,동화동,1102073,"POLYGON ((127.02543927809438 37.55794684669695, 127.02496143707425 37.555070476260596, 127.02147485248447 37.55470134631616, 127.01548856022139 37.556787887902374, 127.01495390293442 37.55778308921261, 127.01809459639681 37.56132571338957, 127.02543927809438 37.55794684669695))",1114066500,11140
중구,11020,청구동,1102072,"POLYGON ((127.01548856022139 37.556787887902374, 127.02147485248447 37.55470134631616, 127.02156783719565 37.55454166901442, 127.01840977049235 37.55021321178888, 127.01315896452662 37.55273262643215, 127.01548856022139 37.556787887902374))",1114064500,11140
중구,11020,약수동,1102071,"POLYGON ((127.01315896452662 37.55273262643215, 127.01840977049235 37.55021321178888, 127.01531116335084 37.54714563110038, 127.01172101406588 37.545252245650516, 127.01070894177482 37.54118048964762, 127.0074082755433 37.54491317057445, 127.01315896452662 37.55273262643215))",1114063500,11140
중구,11020,다산동,1102070,"POLYGON ((127.01495390293442 37.55778308921261, 127.01548856022139 37.556787887902374, 127.01315896452662 37.55273262643215, 127.0074082755433 37.54491317057445, 127.00632779182564 37.54757707053058, 127.01003521255268 37.553711107413555, 127.01146727482828 37.559249642247046, 127.01495390293442 37.55778308921261))",1114062500,11140
중구,11020,신당동,1102069,"POLYGON ((127.01961899011891 37.56749545801941, 127.02017826340494 37.56276970992068, 127.01809459639681 37.56132571338957, 127.01495390293442 37.55778308921261, 127.01146727482828 37.559249642247046, 127.0116711365176 37.56022872159747, 127.01403346115166 37.56330462892976, 127.01168855673158 37.56698747982044, 127.01961899011891 37.56749545801941))",1114061500,11140
중구,11020,중림동,1102068,"POLYGON ((126.9734989949873 37.55680545810021, 126.97058832292036 37.55258588741529, 126.96448570553055 37.548705692021635, 126.96358226710812 37.55605635475154, 126.96416674215902 37.55646372969648, 126.97169209525231 37.55921654641677, 126.9734989949873 37.55680545810021))",1114068000,11140
중구,11020,황학동,1102067,"POLYGON ((127.02547266349976 37.568943552237734, 127.02571971403893 37.56237200595601, 127.02017826340494 37.56276970992068, 127.01961899011891 37.56749545801941, 127.02092260815311 37.56818826231793, 127.02547266349976 37.568943552237734))",1114067000,11140
중구,11020,신당5동,1102065,"POLYGON ((127.02017826340494 37.56276970992068, 127.02571971403893 37.56237200595601, 127.02881029425372 37.56219283885279, 127.02543927809438 37.55794684669695, 127.01809459639681 37.56132571338957, 127.02017826340494 37.56276970992068))",1114065000,11140
중구,11020,을지로동,1102060,"POLYGON ((127.00878662275336 37.56685137019959, 127.00532968533938 37.56249189319066, 126.99748862003754 37.562649204509995, 126.9955736936094 37.5602060124909, 126.99241805951294 37.560167478301665, 126.99297024171157 37.56544680440327, 127.00372480409301 37.56679519621814, 127.00878662275336 37.56685137019959))",1114060500,11140
중구,11020,광희동,1102059,"POLYGON ((127.01168855673158 37.56698747982044, 127.01403346115166 37.56330462892976, 127.0116711365176 37.56022872159747, 127.00327549084517 37.560083182998234, 126.9955736936094 37.5602060124909, 126.99748862003754 37.562649204509995, 127.00532968533938 37.56249189319066, 127.00878662275336 37.56685137019959, 127.01168855673158 37.56698747982044))",1114059000,11140
중구,11020,장충동,1102058,"POLYGON ((127.0116711365176 37.56022872159747, 127.01146727482828 37.559249642247046, 127.01003521255268 37.553711107413555, 127.00632779182564 37.54757707053058, 127.00062378484931 37.54713274618077, 126.99742220893982 37.544438365587226, 126.99529566128926 37.54625705318063, 126.99446142398814 37.547294664265785, 127.00461437756623 37.55305182253155, 127.00327549084517 37.560083182998234, 127.0116711365176 37.56022872159747))",1114058000,11140
중구,11020,필동,1102057,"POLYGON ((126.99241805951294 37.560167478301665, 126.9955736936094 37.5602060124909, 127.00327549084517 37.560083182998234, 127.00461437756623 37.55305182253155, 126.99446142398814 37.547294664265785, 126.9899124474417 37.54869376545355, 126.98752996903328 37.55094818807139, 126.98746496587498 37.55144040259539, 126.99241805951294 37.560167478301665))",1114057000,11140
중구,11020,명동,1102055,"POLYGON ((126.97747481796362 37.56651931992012, 126.97913470503366 37.566398299697234, 126.99297024171157 37.56544680440327, 126.99241805951294 37.560167478301665, 126.98746496587498 37.55144040259539, 126.98318792181688 37.55900388829287, 126.98474913148975 37.56321393336409, 126.9792589986127 37.56320761190177, 126.97747481796362 37.56651931992012))",1114055000,11140
중구,11020,회현동,1102054,"POLYGON ((126.98318792181688 37.55900388829287, 126.98746496587498 37.55144040259539, 126.98752996903328 37.55094818807139, 126.97875866879323 37.549910180619584, 126.97117219703938 37.551098958007174, 126.97058832292036 37.55258588741529, 126.9734989949873 37.55680545810021, 126.98318792181688 37.55900388829287))",1114054000,11140
중구,11020,소공동,1102052,"POLYGON ((126.97114791678374 37.56539818101368, 126.97747481796362 37.56651931992012, 126.9792589986127 37.56320761190177, 126.98474913148975 37.56321393336409, 126.98318792181688 37.55900388829287, 126.9734989949873 37.55680545810021, 126.97169209525231 37.55921654641677, 126.96873633279075 37.56313604690827, 126.97114791678374 37.56539818101368))",1114052000,11140
종로구,11010,혜화동,1101073,"POLYGON ((126.99123748658741 37.58851316269216, 127.00304474231643 37.58959898679736, 127.00629784959712 37.585156286264116, 127.00943572616534 37.58040853645499, 126.99860201785185 37.57822743796013, 126.99539124524938 37.584135331643566, 126.99040972828494 37.584675000686325, 126.99123748658741 37.58851316269216))",1111065000,11110
종로구,11010,청운효자동,1101072,"POLYGON ((126.95999404935964 37.581017044457894, 126.96880870396302 37.59023947145761, 126.97568756101901 37.59049553318037, 126.98107425898833 37.584383887865435, 126.98169312691489 37.573181755953655, 126.9789891917168 37.57285543863103, 126.97591923977318 37.57657712831021, 126.97016555960356 37.57545156263972, 126.96490937230973 37.57665378970585, 126.96277252443328 37.57800302937317, 126.95999404935964 37.581017044457894))",1111051500,11110
종로구,11010,숭인2동,1101071,"POLYGON ((127.02085590231617 37.57473132414639, 127.02527254528003 37.57524616245249, 127.02547266349976 37.568943552237734, 127.02092260815311 37.56818826231793, 127.01775341497685 37.570217005581505, 127.02085590231617 37.57473132414639))",1111071000,11110
종로구,11010,숭인1동,1101070,"POLYGON ((127.01705430596368 37.579335852239, 127.02085590231617 37.57473132414639, 127.01775341497685 37.570217005581505, 127.01758151687031 37.5740148463563, 127.01705430596368 37.579335852239))",1111070000,11110
종로구,11010,창신3동,1101069,"POLYGON ((127.01684149612828 37.57941162549592, 127.01705430596368 37.579335852239, 127.01758151687031 37.5740148463563, 127.01475303783808 37.57258580828656, 127.01258353135525 37.57754031784007, 127.01684149612828 37.57941162549592))",1111069000,11110
종로구,11010,창신2동,1101068,"POLYGON ((127.01094467951529 37.57765758282494, 127.01258353135525 37.57754031784007, 127.01475303783808 37.57258580828656, 127.01239224528601 37.568794396716896, 127.0107171389345 37.57391328348578, 127.01094467951529 37.57765758282494))",1111068000,11110
종로구,11010,창신1동,1101067,"POLYGON ((127.01475303783808 37.57258580828656, 127.01758151687031 37.5740148463563, 127.01775341497685 37.570217005581505, 127.02092260815311 37.56818826231793, 127.01961899011891 37.56749545801941, 127.01168855673158 37.56698747982044, 127.01239224528601 37.568794396716896, 127.01475303783808 37.57258580828656))",1111067000,11110
종로구,11010,이화동,1101064,"POLYGON ((126.99860201785185 37.57822743796013, 127.00943572616534 37.58040853645499, 127.01094467951529 37.57765758282494, 127.0107171389345 37.57391328348578, 127.00178007667948 37.573101710745156, 126.99860201785185 37.57822743796013))",1111064000,11110
종로구,11010,종로5·6가동,1101063,"POLYGON ((127.00178007667948 37.573101710745156, 127.0107171389345 37.57391328348578, 127.01239224528601 37.568794396716896, 127.01168855673158 37.56698747982044, 127.00878662275336 37.56685137019959, 127.00372480409301 37.56679519621814, 127.00015836881974 37.5709855271443, 127.00178007667948 37.573101710745156))",1111063000,11110
종로구,11010,종로1·2·3·4가동,1101061,"POLYGON ((126.99040972828494 37.584675000686325, 126.99539124524938 37.584135331643566, 126.99860201785185 37.57822743796013, 127.00178007667948 37.573101710745156, 127.00015836881974 37.5709855271443, 127.00372480409301 37.56679519621814, 126.99297024171157 37.56544680440327, 126.97913470503366 37.566398299697234, 126.9789891917168 37.57285543863103, 126.98169312691489 37.573181755953655, 126.9876344066647 37.57387848468694, 126.99140169639928 37.57459189984454, 126.99040972828494 37.584675000686325))",1111061500,11110
종로구,11010,가회동,1101060,"POLYGON ((126.99117660799685 37.58860073125721, 126.99123748658741 37.58851316269216, 126.99040972828494 37.584675000686325, 126.99140169639928 37.57459189984454, 126.9876344066647 37.57387848468694, 126.98501929225974 37.58066361272899, 126.99117660799685 37.58860073125721))",1111060000,11110
종로구,11010,교남동,1101058,"POLYGON ((126.96493997620689 37.573866330799646, 126.97114791678374 37.56539818101368, 126.96873633279075 37.56313604690827, 126.96791140790054 37.56387244877316, 126.96166940147832 37.57016540871937, 126.96493997620689 37.573866330799646))",1111058000,11110
종로구,11010,무악동,1101057,"POLYGON ((126.96490937230973 37.57665378970585, 126.96493997620689 37.573866330799646, 126.96166940147832 37.57016540871937, 126.95602794250746 37.57569600504501, 126.95565425846463 37.576080790881456, 126.96277252443328 37.57800302937317, 126.96490937230973 37.57665378970585))",1111057000,11110
종로구,11010,평창동,1101056,"POLYGON ((126.9738864128702 37.62949634786888, 126.977175406416 37.62859715400388, 126.98223676048528 37.62556375098308, 126.98130955822086 37.621781567952816, 126.9849070918475 37.61390303132951, 126.98879865992384 37.6118927319756, 126.9880021251863 37.60434406739665, 126.98984276495587 37.59842301677683, 126.98366752610544 37.596350797276386, 126.9847903853038 37.59227214297269, 126.97795162111058 37.59377120825433, 126.9618031145279 37.60206035779041, 126.95521972472223 37.6028055028182, 126.9524752030572 37.60508692737045, 126.9520814366425 37.60691371095613, 126.95145384404022 37.61493028446385, 126.95527697300784 37.6223770984941, 126.96164158910712 37.62569322976388, 126.97135221665513 37.62743418897386, 126.9738864128702 37.62949634786888))",1111056000,11110
종로구,11010,부암동,1101055,"POLYGON ((126.95521972472223 37.6028055028182, 126.9618031145279 37.60206035779041, 126.97795162111058 37.59377120825433, 126.97568756101901 37.59049553318037, 126.96880870396302 37.59023947145761, 126.95999404935964 37.581017044457894, 126.95899265035453 37.582625966740245, 126.960424902266 37.58868913291801, 126.95840219139065 37.59286915755905, 126.95484771718951 37.59761368186209, 126.95521972472223 37.6028055028182))",1111055000,11110
종로구,11010,삼청동,1101054,"POLYGON ((126.97795162111058 37.59377120825433, 126.9847903853038 37.59227214297269, 126.99117660799685 37.58860073125721, 126.98501929225974 37.58066361272899, 126.9876344066647 37.57387848468694, 126.98169312691489 37.573181755953655, 126.98107425898833 37.584383887865435, 126.97568756101901 37.59049553318037, 126.97795162111058 37.59377120825433))",1111054000,11110
종로구,11010,사직동,1101053,"POLYGON ((126.96493997620689 37.573866330799646, 126.96490937230973 37.57665378970585, 126.97016555960356 37.57545156263972, 126.97591923977318 37.57657712831021, 126.9789891917168 37.57285543863103, 126.97913470503366 37.566398299697234, 126.97747481796362 37.56651931992012, 126.97114791678374 37.56539818101368, 126.96493997620689 37.573866330799646))",1111053000,11110
